workload_id,actual_best_policy,pred_best_policy,true_best_rank_in_pred,topk,topk_hit,top1_hit,actual_best_score_mean,actual_score_mean_of_pred_choice,actual_regret,pred_topk_policies
W0001,EC-3-2,EC-2-2,2,3,1,0,205.58916599929944,206.33877299951564,0.7496070002162014,"EC-2-2,EC-3-2,EC-4-2"
W0008,EC-4-2,EC-2-2,3,3,1,0,135.6748920006794,563.5936830012724,427.91879100059305,"EC-2-2,EC-3-2,EC-4-2"
W0015,EC-3-2,EC-4-2,2,3,1,0,164.8376879998068,191.54976599838847,26.712077998581663,"EC-4-2,EC-3-2,EC-4-3"
W0030,EC-2-2,EC-2-2,1,3,1,1,156.84445650094858,156.84445650094858,0.0,"EC-2-2,EC-4-2,EC-7-3"
W0031,EC-3-2,EC-2-2,2,3,1,0,153.61019500051043,627.9448465008954,474.334651500385,"EC-2-2,EC-3-2,EC-4-2"
W0033,EC-4-2,EC-4-2,1,3,1,1,176.3140130001375,176.3140130001375,0.0,"EC-4-2,EC-7-3,EC-6-3"
W0044,EC-4-2,EC-2-2,3,3,1,0,182.7700310000182,1204.909423500112,1022.1393925000939,"EC-2-2,EC-3-2,EC-4-2"
W0045,EC-4-2,EC-4-2,1,3,1,1,226.57478699966305,226.57478699966305,0.0,"EC-4-2,EC-7-3,EC-4-3"
W0046,EC-4-2,EC-4-2,1,3,1,1,217.93069299928902,217.93069299928902,0.0,"EC-4-2,EC-2-2,EC-5-3"
W0052,EC-3-2,EC-4-2,2,3,1,0,219.7779700013598,255.94003100059126,36.16206099923147,"EC-4-2,EC-3-2,EC-7-3"
W0053,EC-2-2,EC-2-2,1,3,1,1,146.7033250003169,146.7033250003169,0.0,"EC-2-2,EC-3-2,EC-4-2"
W0057,EC-2-2,EC-4-2,2,3,1,0,193.08662699995693,262.45036849832104,69.3637414983641,"EC-4-2,EC-2-2,EC-6-3"
W0064,EC-2-2,EC-4-2,2,3,1,0,221.2269556669829,240.38663366476007,19.15967799777718,"EC-4-2,EC-2-2,EC-3-2"
W0068,EC-2-2,EC-2-2,1,3,1,1,166.23810300022038,166.23810300022038,0.0,"EC-2-2,EC-3-2,EC-4-2"
W0071,EC-3-2,EC-3-2,1,3,1,1,252.0680161689294,252.0680161689294,0.0,"EC-3-2,EC-4-2,EC-4-3"
W0074,EC-2-2,EC-2-2,1,3,1,1,210.59531366699957,210.59531366699957,0.0,"EC-2-2,EC-4-2,EC-3-2"
W0081,EC-3-2,EC-3-2,1,3,1,1,237.22160450067045,237.22160450067045,0.0,"EC-3-2,EC-4-2,EC-4-3"
W0088,EC-3-2,EC-2-2,2,3,1,0,197.23298066658876,519.5461196676661,322.3131390010773,"EC-2-2,EC-3-2,EC-4-2"
W0089,EC-2-2,EC-2-2,1,3,1,1,194.68942416763943,194.68942416763943,0.0,"EC-2-2,EC-3-2,EC-4-3"
W0094,EC-3-2,EC-2-2,2,3,1,0,172.97191349985042,260.3958314997499,87.42391799989946,"EC-2-2,EC-3-2,EC-4-2"
W0097,EC-4-2,EC-4-2,1,3,1,1,255.97802874926856,255.97802874926856,0.0,"EC-4-2,EC-7-3,EC-2-2"
W0103,EC-2-2,EC-2-2,1,3,1,1,202.52069850096177,202.52069850096177,0.0,"EC-2-2,EC-3-2,EC-4-2"
W0105,EC-3-2,EC-2-2,2,3,1,0,208.5520305006412,748.2871375846495,539.7351070840083,"EC-2-2,EC-3-2,EC-4-2"
W0109,EC-2-2,EC-3-2,2,3,1,0,270.2842042499469,316.05790100024933,45.773696750302406,"EC-3-2,EC-2-2,EC-4-3"
W0112,EC-3-2,EC-2-2,2,3,1,0,268.3983937533867,297.5700483328486,29.171654579461915,"EC-2-2,EC-3-2,EC-4-2"
W0121,EC-3-2,EC-2-2,2,3,1,0,143.2602121997661,449.13104060005935,305.87082840029325,"EC-2-2,EC-3-2,EC-4-2"
W0125,EC-3-2,EC-2-2,2,3,1,0,146.87149833298463,425.58097365122194,278.7094753182373,"EC-2-2,EC-3-2,EC-4-2"
W0135,EC-2-2,EC-2-2,1,3,1,1,220.28843759953816,220.28843759953816,0.0,"EC-2-2,EC-3-2,EC-5-3"
W0136,EC-3-2,EC-2-2,2,3,1,0,253.1561951336395,712.5263156504843,459.37012051684485,"EC-2-2,EC-3-2,EC-4-2"
W0140,EC-3-2,EC-2-2,2,3,1,0,335.97126599961484,769.1247195994038,433.1534535997889,"EC-2-2,EC-3-2,EC-4-2"
W0142,EC-6-3,EC-2-2,4,3,0,0,501.0316628700821,547.950369200953,46.91870633087092,"EC-2-2,EC-4-2,EC-3-2"
W0145,EC-3-2,EC-2-2,3,3,1,0,301.8028506002338,879.1740160013433,577.3711654011095,"EC-2-2,EC-4-2,EC-3-2"
W0150,EC-3-2,EC-2-2,2,3,1,0,354.26372019974224,606.6246684001272,252.360948200385,"EC-2-2,EC-3-2,EC-4-2"
W0153,EC-2-2,EC-2-2,1,3,1,1,150.2713759997884,150.2713759997884,0.0,"EC-2-2,EC-3-2,EC-4-2"
W0163,EC-3-2,EC-3-2,1,3,1,1,242.37857183303882,242.37857183303882,0.0,"EC-3-2,EC-4-2,EC-2-2"
W0169,EC-2-2,EC-2-2,1,3,1,1,238.71936783302772,238.71936783302772,0.0,"EC-2-2,EC-4-2,EC-4-3"
W0171,EC-3-2,EC-3-2,1,3,1,1,250.4763988333707,250.4763988333707,0.0,"EC-3-2,EC-2-2,EC-4-2"
W0174,EC-4-2,EC-2-2,2,3,1,0,348.6578503340449,643.6613505015127,295.00350016746785,"EC-2-2,EC-4-2,EC-3-2"
W0175,EC-2-2,EC-4-2,2,3,1,0,293.34484816771084,321.1255653338109,27.78071716610009,"EC-4-2,EC-2-2,EC-3-2"
W0176,EC-4-2,EC-2-2,3,3,1,0,326.00145233269967,379.6717916662449,53.67033933354526,"EC-2-2,EC-3-2,EC-4-2"
W0178,EC-2-2,EC-2-2,1,3,1,1,333.2290109173073,333.2290109173073,0.0,"EC-2-2,EC-4-2,EC-5-3"
W0179,EC-2-2,EC-2-2,1,3,1,1,417.6364651667579,417.6364651667579,0.0,"EC-2-2,EC-4-2,EC-3-2"
W0184,EC-8-4,EC-2-2,8,3,0,0,271.835851292313,486.99920199994403,215.16335070763103,"EC-2-2,EC-3-2,EC-4-2"
W0185,EC-4-3,EC-2-2,6,3,0,0,207.31136837195143,571.8455809138634,364.534212541912,"EC-2-2,EC-3-2,EC-4-2"
W0189,EC-2-2,EC-3-2,2,3,1,0,189.82199276156496,218.78746842847767,28.96547566691271,"EC-3-2,EC-2-2,EC-4-2"
W0193,EC-4-2,EC-4-2,1,3,1,1,281.2851061431242,281.2851061431242,0.0,"EC-4-2,EC-2-2,EC-3-2"
W0195,EC-4-3,EC-2-2,4,3,0,0,268.2902418573576,1192.1845627132695,923.8943208559119,"EC-2-2,EC-3-2,EC-4-2"
W0197,EC-4-3,EC-2-2,4,3,0,0,347.06441433124945,1032.6524839985204,685.5880696672709,"EC-2-2,EC-3-2,EC-4-2"
W0200,EC-7-3,EC-2-2,10,3,0,0,491.25714493038686,725.6187371427976,234.36159221241076,"EC-2-2,EC-3-2,EC-4-2"
W0204,EC-3-2,EC-2-2,2,3,1,0,294.20498457063456,406.83579357170987,112.6308090010753,"EC-2-2,EC-3-2,EC-4-2"
W0211,EC-2-2,EC-2-2,1,3,1,1,152.9103406250556,152.9103406250556,0.0,"EC-2-2,EC-4-2,EC-3-2"
W0212,EC-4-2,EC-4-2,1,3,1,1,224.72880345905347,224.72880345905347,0.0,"EC-4-2,EC-8-3,EC-6-3"
W0219,EC-4-2,EC-4-2,1,3,1,1,258.01806937772653,258.01806937772653,0.0,"EC-4-2,EC-2-2,EC-3-2"
W0222,EC-2-2,EC-2-2,1,3,1,1,375.5791821262733,375.5791821262733,0.0,"EC-2-2,EC-6-3,EC-7-3"
W0228,EC-4-2,EC-2-2,3,3,1,0,386.7694766230443,726.9924763753579,340.2229997523136,"EC-2-2,EC-3-2,EC-4-2"
W0232,EC-4-3,EC-2-2,5,3,0,0,364.32798966617,595.4032328752419,231.07524320907186,"EC-2-2,EC-4-2,EC-3-2"
W0234,EC-2-2,EC-3-2,3,3,1,0,318.96756324937314,586.6627142502239,267.69515100085073,"EC-3-2,EC-4-2,EC-2-2"
W0240,EC-2-2,EC-2-2,1,3,1,1,424.7924314999523,424.7924314999523,0.0,"EC-2-2,EC-4-3,EC-6-3"
W0247,EC-2-2,EC-2-2,1,3,1,1,178.10121505663625,178.10121505663625,0.0,"EC-2-2,EC-3-2,EC-7-3"
W0252,EC-6-3,EC-3-2,7,3,0,0,323.1925565533958,444.9929953330967,121.80043877970093,"EC-3-2,EC-4-2,EC-2-2"
W0255,EC-4-3,EC-2-2,4,3,0,0,296.51251602841614,676.6747412003294,380.1622251719133,"EC-2-2,EC-3-2,EC-4-2"
W0257,EC-2-2,EC-3-2,2,3,1,0,342.0095736979954,718.2252347928668,376.2156610948714,"EC-3-2,EC-2-2,EC-4-2"
W0258,EC-3-2,EC-2-2,2,3,1,0,251.63400277854936,411.1021962222468,159.46819344369743,"EC-2-2,EC-3-2,EC-4-2"
W0267,EC-3-2,EC-3-2,1,3,1,1,332.938476554394,332.938476554394,0.0,"EC-3-2,EC-2-2,EC-4-2"
W0271,EC-4-2,EC-2-2,3,3,1,0,425.16774829919086,429.6813920000204,4.513643700829562,"EC-2-2,EC-3-2,EC-4-2"
W0273,EC-7-3,EC-2-2,6,3,0,0,240.36817883315962,608.0947441996159,367.72656536645627,"EC-2-2,EC-3-2,EC-4-2"
W0283,EC-3-2,EC-3-2,1,3,1,1,258.9274675992783,258.9274675992783,0.0,"EC-3-2,EC-4-2,EC-2-2"
W0284,EC-3-2,EC-3-2,1,3,1,1,276.48708499940165,276.48708499940165,0.0,"EC-3-2,EC-8-3,EC-2-2"
W0290,EC-4-2,EC-2-2,3,3,1,0,273.80684249956175,767.2508587004359,493.4440162008741,"EC-2-2,EC-3-2,EC-4-2"
W0292,EC-2-2,EC-2-2,1,3,1,1,322.5808953499154,322.5808953499154,0.0,"EC-2-2,EC-3-2,EC-4-2"
W0297,EC-4-2,EC-4-2,1,3,1,1,458.04128030152543,458.04128030152543,0.0,"EC-4-2,EC-2-2,EC-3-2"
W0299,EC-3-2,EC-3-2,1,3,1,1,540.9773004207434,540.9773004207434,0.0,"EC-3-2,EC-4-2,EC-2-2"
W0310,EC-2-2,EC-2-2,1,3,1,1,133.2239249986742,133.2239249986742,0.0,"EC-2-2,EC-3-2,EC-4-2"
W0314,EC-2-2,EC-2-2,1,3,1,1,128.56674299973747,128.56674299973747,0.0,"EC-2-2,EC-3-2,EC-7-3"
W0315,EC-2-2,EC-2-2,1,3,1,1,122.20205700123188,122.20205700123188,0.0,"EC-2-2,EC-5-3,EC-3-2"
W0319,EC-3-2,EC-2-2,2,3,1,0,123.52698600034273,574.0320630002316,450.50507699988884,"EC-2-2,EC-3-2,EC-4-2"
W0322,EC-5-3,EC-2-2,7,3,0,0,239.46376200365194,572.7904349987512,333.3266729950992,"EC-2-2,EC-3-2,EC-4-2"
W0323,EC-2-2,EC-3-2,3,3,1,0,157.58237249929152,172.5668175017745,14.984445002482971,"EC-3-2,EC-4-3,EC-2-2"
W0325,EC-4-3,EC-2-2,6,3,0,0,220.87042800194467,453.46315200185927,232.5927239999146,"EC-2-2,EC-5-3,EC-3-2"
W0332,EC-4-2,EC-5-3,4,3,0,0,168.12300550145665,210.75098000073922,42.62797449928257,"EC-5-3,EC-3-2,EC-2-2"
W0333,EC-7-3,EC-4-2,2,3,1,0,265.0605560002077,271.0092534971409,5.948697496933164,"EC-4-2,EC-7-3,EC-2-2"
W0344,EC-2-2,EC-2-2,1,3,1,1,177.36353599912036,177.36353599912036,0.0,"EC-2-2,EC-6-3,EC-5-3"
W0352,EC-2-2,EC-2-2,1,3,1,1,186.28530549926836,186.28530549926836,0.0,"EC-2-2,EC-3-2,EC-4-2"
W0355,EC-4-3,EC-4-3,1,3,1,1,333.77139949698176,333.77139949698176,0.0,"EC-4-3,EC-5-3,EC-2-2"
W0366,EC-4-3,EC-2-2,4,3,0,0,252.84039333170463,946.2466196663021,693.4062263345975,"EC-2-2,EC-3-2,EC-4-2"
W0367,EC-4-2,EC-3-2,3,3,1,0,211.0144359997624,585.9120023336194,374.89756633385696,"EC-3-2,EC-2-2,EC-4-2"
W0368,EC-8-3,EC-2-2,7,3,0,0,415.64445166659425,465.91052999989796,50.26607833330371,"EC-2-2,EC-3-2,EC-4-2"
W0369,EC-2-2,EC-2-2,1,3,1,1,219.81638933304262,219.81638933304262,0.0,"EC-2-2,EC-3-2,EC-8-3"
W0388,EC-4-2,EC-2-2,2,3,1,0,253.2956016669535,1109.849021999556,856.5534203326025,"EC-2-2,EC-4-2,EC-4-3"
W0394,EC-3-2,EC-2-2,3,3,1,0,147.4716311663542,310.1353893339365,162.66375816758227,"EC-2-2,EC-4-2,EC-3-2"
W0403,EC-7-3,EC-2-2,6,3,0,0,362.76296424739485,532.3119574998145,169.54899325241968,"EC-2-2,EC-4-2,EC-3-2"
W0408,EC-4-2,EC-4-2,1,3,1,1,362.9199812510251,362.9199812510251,0.0,"EC-4-2,EC-6-3,EC-3-2"
W0409,EC-2-2,EC-2-2,1,3,1,1,232.76695674962866,232.76695674962866,0.0,"EC-2-2,EC-3-2,EC-5-3"
W0411,EC-3-2,EC-3-2,1,3,1,1,279.37646150064666,279.37646150064666,0.0,"EC-3-2,EC-4-2,EC-2-2"
W0412,EC-2-2,EC-2-2,1,3,1,1,323.1588224997495,323.1588224997495,0.0,"EC-2-2,EC-4-2,EC-5-3"
W0415,EC-4-2,EC-2-2,2,3,1,0,246.54503375040804,254.63332825131602,8.088294500907978,"EC-2-2,EC-4-2,EC-4-3"
W0416,EC-2-2,EC-2-2,1,3,1,1,286.6680535000796,286.6680535000796,0.0,"EC-2-2,EC-4-3,EC-3-2"
W0417,EC-2-2,EC-2-2,1,3,1,1,274.7181252493647,274.7181252493647,0.0,"EC-2-2,EC-4-2,EC-3-2"
W0421,EC-3-2,EC-3-2,1,3,1,1,243.31330449949746,243.31330449949746,0.0,"EC-3-2,EC-2-2,EC-5-3"
W0424,EC-2-2,EC-2-2,1,3,1,1,267.337735500314,267.337735500314,0.0,"EC-2-2,EC-3-2,EC-4-2"
W0431,EC-3-2,EC-2-2,2,3,1,0,321.51192534897746,543.4971355333498,221.98521018437236,"EC-2-2,EC-3-2,EC-4-3"
W0433,EC-2-2,EC-3-2,2,3,1,0,205.93975049955588,247.4185886010673,41.47883810151143,"EC-3-2,EC-2-2,EC-8-4"
W0434,EC-3-2,EC-3-2,1,3,1,1,240.38251819993093,240.38251819993093,0.0,"EC-3-2,EC-4-2,EC-2-2"
W0437,EC-2-2,EC-2-2,1,3,1,1,277.54701100117626,277.54701100117626,0.0,"EC-2-2,EC-3-2,EC-6-3"
W0440,EC-2-2,EC-2-2,1,3,1,1,321.2229041997034,321.2229041997034,0.0,"EC-2-2,EC-3-2,EC-4-2"
W0444,EC-4-2,EC-2-2,3,3,1,0,413.45544200194126,593.3334214002571,179.8779793983158,"EC-2-2,EC-3-2,EC-4-2"
W0451,EC-4-2,EC-2-2,2,3,1,0,162.00603133514355,604.0668574991438,442.0608261640002,"EC-2-2,EC-4-2,EC-3-2"
W0458,EC-4-2,EC-2-2,2,3,1,0,195.0094188332514,199.1548418336606,4.14542300040921,"EC-2-2,EC-4-2,EC-3-2"
W0461,EC-2-2,EC-2-2,1,3,1,1,179.09316696689834,179.09316696689834,0.0,"EC-2-2,EC-4-2,EC-3-2"
W0464,EC-4-2,EC-2-2,2,3,1,0,256.0250293334623,1092.6865323332702,836.6615029998079,"EC-2-2,EC-4-2,EC-3-2"
W0472,EC-4-2,EC-3-2,2,3,1,0,439.22429463473236,446.00615950275824,6.7818648680258775,"EC-3-2,EC-4-2,EC-7-3"
W0473,EC-2-2,EC-2-2,1,3,1,1,426.14498791726874,426.14498791726874,0.0,"EC-2-2,EC-4-3,EC-3-2"
W0479,EC-2-2,EC-2-2,1,3,1,1,397.63870341808644,397.63870341808644,0.0,"EC-2-2,EC-3-2,EC-4-2"
W0480,EC-2-2,EC-2-2,1,3,1,1,322.34686633402515,322.34686633402515,0.0,"EC-2-2,EC-4-2,EC-3-2"
W0486,EC-8-3,EC-4-2,3,3,1,0,540.8683931455016,665.6044505011129,124.73605735561125,"EC-4-2,EC-2-2,EC-8-3"
W0487,EC-5-3,EC-2-2,4,3,0,0,251.87165686059285,481.34533571432524,229.4736788537324,"EC-2-2,EC-3-2,EC-4-2"
W0496,EC-3-2,EC-2-2,2,3,1,0,309.05333585578126,317.4874890144435,8.434153158662241,"EC-2-2,EC-3-2,EC-4-2"
W0499,EC-2-2,EC-2-2,1,3,1,1,236.98534042789885,236.98534042789885,0.0,"EC-2-2,EC-3-2,EC-4-2"
W0507,EC-2-2,EC-2-2,1,3,1,1,302.54327085802805,302.54327085802805,0.0,"EC-2-2,EC-4-2,EC-3-2"
W0508,EC-3-2,EC-2-2,2,3,1,0,464.412028094882,804.7439539423978,340.3319258475158,"EC-2-2,EC-3-2,EC-4-2"
W0512,EC-4-2,EC-3-2,2,3,1,0,521.4942163325607,612.9269628760312,91.43274654347056,"EC-3-2,EC-4-2,EC-8-3"
W0522,EC-4-3,EC-4-3,1,3,1,1,417.142300626665,417.142300626665,0.0,"EC-4-3,EC-3-2,EC-4-2"
W0528,EC-3-2,EC-2-2,3,3,1,0,268.81855037566993,522.7597086249602,253.9411582492903,"EC-2-2,EC-4-2,EC-3-2"
W0529,EC-2-2,EC-2-2,1,3,1,1,222.27438537618127,222.27438537618127,0.0,"EC-2-2,EC-4-2,EC-3-2"
W0533,EC-4-3,EC-3-2,7,3,0,0,418.300014606887,685.385366035291,267.085351428404,"EC-3-2,EC-2-2,EC-4-2"
W0534,EC-4-2,EC-4-2,1,3,1,1,352.23746275107715,352.23746275107715,0.0,"EC-4-2,EC-2-2,EC-3-2"
W0536,EC-2-2,EC-2-2,1,3,1,1,587.860378249843,587.860378249843,0.0,"EC-2-2,EC-4-2,EC-3-2"
W0544,EC-4-3,EC-2-2,4,3,0,0,190.35686071998092,387.7835338091953,197.4266730892144,"EC-2-2,EC-3-2,EC-4-2"
W0545,EC-7-3,EC-2-2,8,3,0,0,432.4364736207899,945.490578082374,513.0541044615841,"EC-2-2,EC-3-2,EC-4-2"
W0555,EC-3-2,EC-2-2,2,3,1,0,260.49560277836764,775.158416222078,514.6628134437103,"EC-2-2,EC-3-2,EC-4-2"
W0556,EC-4-3,EC-3-2,2,3,1,0,423.4342478332312,538.1554319434246,114.72118411019335,"EC-3-2,EC-4-3,EC-7-3"
W0558,EC-7-3,EC-2-2,6,3,0,0,395.7779707771907,594.9794056655769,199.2014348883862,"EC-2-2,EC-3-2,EC-4-2"
W0565,EC-3-2,EC-3-2,1,3,1,1,357.51542377814377,357.51542377814377,0.0,"EC-3-2,EC-2-2,EC-4-2"
W0566,EC-3-2,EC-3-2,1,3,1,1,348.67876305522964,348.67876305522964,0.0,"EC-3-2,EC-2-2,EC-7-3"
W0568,EC-2-2,EC-2-2,1,3,1,1,296.49778222382236,296.49778222382236,0.0,"EC-2-2,EC-4-2,EC-3-2"
W0569,EC-2-2,EC-2-2,1,3,1,1,350.0083511432335,350.0083511432335,0.0,"EC-2-2,EC-3-2,EC-4-2"
W0573,EC-2-2,EC-2-2,1,3,1,1,516.7693752992362,516.7693752992362,0.0,"EC-2-2,EC-4-2,EC-3-2"
W0582,EC-2-2,EC-2-2,1,3,1,1,538.3891674990082,538.3891674990082,0.0,"EC-2-2,EC-3-2,EC-4-2"
W0595,EC-2-2,EC-2-2,1,3,1,1,291.16051989890366,291.16051989890366,0.0,"EC-2-2,EC-4-2,EC-3-2"
W0599,EC-4-2,EC-3-2,3,3,1,0,503.5690339744406,790.5401222222281,286.9710882477875,"EC-3-2,EC-2-2,EC-4-2"
W0600,EC-2-2,EC-2-2,1,3,1,1,399.52940709958966,399.52940709958966,0.0,"EC-2-2,EC-4-2,EC-3-2"
W0602,EC-2-2,EC-2-2,1,3,1,1,126.9336840014148,126.9336840014148,0.0,"EC-2-2,EC-4-2,EC-3-2"
W0603,EC-2-2,EC-3-2,4,3,0,0,260.37389099928987,1280.737082999167,1020.363191999877,"EC-3-2,EC-4-2,EC-4-3"
W0606,EC-7-3,EC-7-3,1,3,1,1,221.48406299947965,221.48406299947965,0.0,"EC-7-3,EC-6-3,EC-5-3"
W0611,EC-3-2,EC-3-2,1,3,1,1,183.57474449931033,183.57474449931033,0.0,"EC-3-2,EC-4-2,EC-7-3"
W0613,EC-3-2,EC-3-2,1,3,1,1,166.21485149971704,166.21485149971704,0.0,"EC-3-2,EC-4-2,EC-4-3"
W0622,EC-2-2,EC-3-2,3,3,1,0,141.17721899970093,212.40691949969914,71.22970049999822,"EC-3-2,EC-4-2,EC-2-2"
W0645,EC-2-2,EC-2-2,1,3,1,1,174.6289810005237,174.6289810005237,0.0,"EC-2-2,EC-3-2,EC-5-3"
W0651,EC-3-2,EC-2-2,2,3,1,0,160.88933549963258,187.09959849979896,26.21026300016638,"EC-2-2,EC-3-2,EC-4-3"
W0652,EC-3-2,EC-3-2,1,3,1,1,199.3608959978701,199.3608959978701,0.0,"EC-3-2,EC-2-2,EC-4-2"
W0671,EC-2-2,EC-2-2,1,3,1,1,233.10232766615022,233.10232766615022,0.0,"EC-2-2,EC-4-2,EC-3-2"
W0677,EC-5-3,EC-5-3,1,3,1,1,373.6641193363539,373.6641193363539,0.0,"EC-5-3,EC-8-3,EC-3-2"
W0679,EC-4-2,EC-4-2,1,3,1,1,239.07017199871916,239.07017199871916,0.0,"EC-4-2,EC-3-2,EC-2-2"
W0680,EC-4-2,EC-4-2,1,3,1,1,265.1720560009684,265.1720560009684,0.0,"EC-4-2,EC-5-3,EC-7-3"
W0681,EC-3-2,EC-3-2,1,3,1,1,254.29006666900023,254.29006666900023,0.0,"EC-3-2,EC-6-3,EC-7-3"
W0686,EC-2-2,EC-2-2,1,3,1,1,175.50858733329733,175.50858733329733,0.0,"EC-2-2,EC-3-2,EC-4-2"
W0692,EC-5-3,EC-2-2,6,3,0,0,208.83463249765555,536.4713765014814,327.6367440038258,"EC-2-2,EC-3-2,EC-4-2"
W0694,EC-4-2,EC-4-2,1,3,1,1,176.8025714995929,176.8025714995929,0.0,"EC-4-2,EC-2-2,EC-3-2"
W0696,EC-4-2,EC-4-2,1,3,1,1,225.2135662499768,225.2135662499768,0.0,"EC-4-2,EC-3-2,EC-5-3"
W0706,EC-2-2,EC-2-2,1,3,1,1,210.64713350097009,210.64713350097009,0.0,"EC-2-2,EC-4-2,EC-3-2"
W0719,EC-2-2,EC-2-2,1,3,1,1,236.54728049973528,236.54728049973528,0.0,"EC-2-2,EC-3-2,EC-4-2"
W0728,EC-2-2,EC-2-2,1,3,1,1,151.2621970001419,151.2621970001419,0.0,"EC-2-2,EC-4-2,EC-3-2"
W0730,EC-2-2,EC-2-2,1,3,1,1,154.73955070051488,154.73955070051488,0.0,"EC-2-2,EC-4-2,EC-3-2"
W0742,EC-2-2,EC-2-2,1,3,1,1,263.1426066012864,263.1426066012864,0.0,"EC-2-2,EC-4-2,EC-3-2"
W0747,EC-2-2,EC-2-2,1,3,1,1,266.4764402666151,266.4764402666151,0.0,"EC-2-2,EC-4-2,EC-3-2"
W0756,EC-3-2,EC-3-2,1,3,1,1,292.36796116614033,292.36796116614033,0.0,"EC-3-2,EC-4-3,EC-4-2"
W0760,EC-2-2,EC-2-2,1,3,1,1,181.53481926689588,181.53481926689588,0.0,"EC-2-2,EC-4-2,EC-3-2"
W0762,EC-4-2,EC-4-2,1,3,1,1,366.1025860016404,366.1025860016404,0.0,"EC-4-2,EC-3-2,EC-4-3"
W0765,EC-2-2,EC-2-2,1,3,1,1,181.8579359994601,181.8579359994601,0.0,"EC-2-2,EC-3-2,EC-4-3"
W0766,EC-2-2,EC-2-2,1,3,1,1,215.9906048333748,215.9906048333748,0.0,"EC-2-2,EC-3-2,EC-4-2"
W0773,EC-4-2,EC-3-2,2,3,1,0,370.38489266433317,394.89270773401586,24.507815069682692,"EC-3-2,EC-4-2,EC-4-3"
W0782,EC-8-4,EC-4-2,3,3,1,0,466.7734752095255,590.3703647120112,123.59688950248574,"EC-4-2,EC-2-2,EC-8-4"
W0784,EC-5-3,EC-5-3,1,3,1,1,348.3508461446209,348.3508461446209,0.0,"EC-5-3,EC-3-2,EC-6-3"
W0786,EC-2-2,EC-3-2,2,3,1,0,728.6793105711889,986.7364752141319,258.057164642943,"EC-3-2,EC-2-2,EC-4-2"
W0788,EC-8-3,EC-2-2,2,3,1,0,434.21738428436845,435.88042114294825,1.663036858579801,"EC-2-2,EC-8-3,EC-6-3"
W0790,EC-2-2,EC-2-2,1,3,1,1,165.9670413571348,165.9670413571348,0.0,"EC-2-2,EC-3-2,EC-4-2"
W0795,EC-3-2,EC-2-2,3,3,1,0,214.44524557234348,632.6948050477334,418.24955947538996,"EC-2-2,EC-4-2,EC-3-2"
W0799,EC-2-2,EC-2-2,1,3,1,1,259.33270699923537,259.33270699923537,0.0,"EC-2-2,EC-3-2,EC-4-2"
W0808,EC-2-2,EC-2-2,1,3,1,1,370.2012011195469,370.2012011195469,0.0,"EC-2-2,EC-3-2,EC-5-3"
W0810,EC-4-2,EC-3-2,3,3,1,0,438.59581314011723,679.3039924282311,240.7081792881139,"EC-3-2,EC-2-2,EC-4-2"
W0811,EC-3-2,EC-3-2,1,3,1,1,170.55988437573433,170.55988437573433,0.0,"EC-3-2,EC-2-2,EC-4-2"
W0813,EC-4-2,EC-4-2,1,3,1,1,469.7594451262148,469.7594451262148,0.0,"EC-4-2,EC-8-3,EC-2-2"
W0818,EC-3-2,EC-3-2,1,3,1,1,204.9792466253848,204.9792466253848,0.0,"EC-3-2,EC-5-3,EC-4-2"
W0832,EC-2-2,EC-2-2,1,3,1,1,564.5904734254032,564.5904734254032,0.0,"EC-2-2,EC-3-2,EC-4-2"
W0841,EC-4-2,EC-2-2,3,3,1,0,474.41455422105923,685.5413625545326,211.12680833347338,"EC-2-2,EC-3-2,EC-4-2"
W0843,EC-2-2,EC-2-2,1,3,1,1,457.55749983302644,457.55749983302644,0.0,"EC-2-2,EC-3-2,EC-4-2"
W0845,EC-2-2,EC-2-2,1,3,1,1,507.69679102307543,507.69679102307543,0.0,"EC-2-2,EC-4-2,EC-3-2"
W0846,EC-3-2,EC-2-2,3,3,1,0,175.82305488915355,546.6040742227151,370.7810193335615,"EC-2-2,EC-4-2,EC-3-2"
W0848,EC-3-2,EC-3-2,1,3,1,1,203.10148383254676,203.10148383254676,0.0,"EC-3-2,EC-8-4,EC-7-3"
W0858,EC-8-4,EC-2-2,8,3,0,0,443.787423884108,479.47408677873693,35.68666289462891,"EC-2-2,EC-3-2,EC-4-2"
W0860,EC-2-2,EC-2-2,1,3,1,1,262.2560560008525,262.2560560008525,0.0,"EC-2-2,EC-4-2,EC-3-2"
W0863,EC-3-2,EC-3-2,1,3,1,1,377.84806995922634,377.84806995922634,0.0,"EC-3-2,EC-4-2,EC-5-3"
W0865,EC-4-2,EC-4-2,1,3,1,1,401.87824711296753,401.87824711296753,0.0,"EC-4-2,EC-4-3,EC-6-3"
W0868,EC-3-2,EC-3-2,1,3,1,1,479.5452220571658,479.5452220571658,0.0,"EC-3-2,EC-5-3,EC-6-3"
W0875,EC-2-2,EC-2-2,1,3,1,1,551.0917663550016,551.0917663550016,0.0,"EC-2-2,EC-3-2,EC-4-2"
W0880,EC-2-2,EC-2-2,1,3,1,1,204.5429180997644,204.5429180997644,0.0,"EC-2-2,EC-4-2,EC-3-2"
W0882,EC-4-2,EC-4-2,1,3,1,1,481.0577149013625,481.0577149013625,0.0,"EC-4-2,EC-2-2,EC-7-3"
W0898,EC-8-3,EC-4-2,6,3,0,0,583.3433138070177,923.2692074641212,339.92589365710353,"EC-4-2,EC-2-2,EC-3-2"
W0901,EC-8-3,EC-3-2,6,3,0,0,226.3717049936531,579.7421010011021,353.370396007449,"EC-3-2,EC-4-2,EC-2-2"
W0904,EC-3-2,EC-3-2,1,3,1,1,166.56845850093305,166.56845850093305,0.0,"EC-3-2,EC-4-3,EC-4-2"
W0908,EC-2-2,EC-2-2,1,3,1,1,174.59918249892326,174.59918249892326,0.0,"EC-2-2,EC-4-2,EC-4-3"
W0912,EC-6-3,EC-6-3,1,3,1,1,302.484718501546,302.484718501546,0.0,"EC-6-3,EC-4-3,EC-4-2"
W0913,EC-3-2,EC-3-2,1,3,1,1,157.74494699962816,157.74494699962816,0.0,"EC-3-2,EC-2-2,EC-4-2"
W0927,EC-4-2,EC-4-3,5,3,0,0,164.779112999895,728.085548998024,563.306435998129,"EC-4-3,EC-2-2,EC-3-2"
W0928,EC-2-2,EC-2-2,1,3,1,1,229.5845669996197,229.5845669996197,0.0,"EC-2-2,EC-4-2,EC-8-3"
W0930,EC-3-2,EC-4-2,3,3,1,0,218.32347300005495,227.27158799807512,8.948114998020174,"EC-4-2,EC-2-2,EC-3-2"
W0931,EC-2-2,EC-2-2,1,3,1,1,131.61519150003187,131.61519150003187,0.0,"EC-2-2,EC-3-2,EC-4-2"
W0933,EC-4-2,EC-4-2,1,3,1,1,172.41431750062475,172.41431750062475,0.0,"EC-4-2,EC-5-3,EC-8-3"
W0943,EC-3-2,EC-3-2,1,3,1,1,271.95840800368387,271.95840800368387,0.0,"EC-3-2,EC-5-3,EC-7-3"
W0946,EC-3-2,EC-3-2,1,3,1,1,198.37851999909617,198.37851999909617,0.0,"EC-3-2,EC-4-2,EC-2-2"
W0950,EC-3-2,EC-2-2,2,3,1,0,186.09797350018198,208.01804899929266,21.92007549911068,"EC-2-2,EC-3-2,EC-4-2"
W0953,EC-3-2,EC-3-2,1,3,1,1,198.5552469986942,198.5552469986942,0.0,"EC-3-2,EC-2-2,EC-5-3"
W0959,EC-4-2,EC-2-2,2,3,1,0,198.5105095000108,453.2320359990081,254.72152649899726,"EC-2-2,EC-4-2,EC-3-2"
W0966,EC-8-3,EC-3-2,7,3,0,0,278.89747300772194,394.7021336665178,115.80466065879585,"EC-3-2,EC-2-2,EC-4-2"
W0979,EC-3-2,EC-2-2,2,3,1,0,233.70843600014268,629.8842836666457,396.17584766650305,"EC-2-2,EC-3-2,EC-4-2"
W0980,EC-4-2,EC-4-2,1,3,1,1,325.5731859991708,325.5731859991708,0.0,"EC-4-2,EC-5-3,EC-4-3"
W0999,EC-2-2,EC-2-2,1,3,1,1,230.14928225040876,230.14928225040876,0.0,"EC-2-2,EC-3-2,EC-4-3"
W1002,EC-7-3,EC-2-2,9,3,0,0,306.1264464990927,1094.9754367499054,788.8489902508127,"EC-2-2,EC-4-2,EC-3-2"
W1006,EC-2-2,EC-2-2,1,3,1,1,241.14728825065868,241.14728825065868,0.0,"EC-2-2,EC-3-2,EC-6-3"
W1026,EC-2-2,EC-2-2,1,3,1,1,282.64749159943676,282.64749159943676,0.0,"EC-2-2,EC-3-2,EC-6-3"
W1028,EC-3-2,EC-3-2,1,3,1,1,235.04406419851875,235.04406419851875,0.0,"EC-3-2,EC-2-2,EC-4-2"
W1035,EC-3-2,EC-3-2,1,3,1,1,304.5589059009217,304.5589059009217,0.0,"EC-3-2,EC-5-3,EC-6-3"
W1037,EC-4-2,EC-2-2,2,3,1,0,255.89516306766507,594.1869223992398,338.2917593315748,"EC-2-2,EC-4-2,EC-3-2"
W1042,EC-3-2,EC-2-2,2,3,1,0,385.6894522014045,561.6886397996495,175.99918759824504,"EC-2-2,EC-3-2,EC-4-2"
W1045,EC-2-2,EC-2-2,1,3,1,1,323.7442964006732,323.7442964006732,0.0,"EC-2-2,EC-3-2,EC-4-2"
W1048,EC-2-2,EC-2-2,1,3,1,1,273.98307370012844,273.98307370012844,0.0,"EC-2-2,EC-3-2,EC-4-2"
W1056,EC-2-2,EC-2-2,1,3,1,1,212.64552349968352,212.64552349968352,0.0,"EC-2-2,EC-3-2,EC-4-2"
W1058,EC-2-2,EC-2-2,1,3,1,1,172.76826533270653,172.76826533270653,0.0,"EC-2-2,EC-3-2,EC-4-2"
W1065,EC-4-2,EC-3-2,3,3,1,0,231.12294483325968,234.4272079997912,3.3042631665315128,"EC-3-2,EC-2-2,EC-4-2"
W1074,EC-4-2,EC-2-2,3,3,1,0,400.7968598317954,704.7608953328865,303.96403550109113,"EC-2-2,EC-3-2,EC-4-2"
W1079,EC-2-2,EC-2-2,1,3,1,1,359.13580216583796,359.13580216583796,0.0,"EC-2-2,EC-4-2,EC-3-2"
W1081,EC-2-2,EC-2-2,1,3,1,1,193.6758571420926,193.6758571420926,0.0,"EC-2-2,EC-4-2,EC-3-2"
W1085,EC-3-2,EC-3-2,1,3,1,1,238.44186207153533,238.44186207153533,0.0,"EC-3-2,EC-5-3,EC-4-2"
W1090,EC-4-2,EC-2-2,3,3,1,0,195.23088671420348,1012.7234640005034,817.4925772862999,"EC-2-2,EC-3-2,EC-4-2"
W1091,EC-2-2,EC-2-2,1,3,1,1,385.80812467863063,385.80812467863063,0.0,"EC-2-2,EC-3-2,EC-4-2"
W1095,EC-2-2,EC-2-2,1,3,1,1,262.5705251434413,262.5705251434413,0.0,"EC-2-2,EC-3-2,EC-4-2"
W1101,EC-4-2,EC-2-2,3,3,1,0,354.0070437875329,586.4345659139742,232.42752212644132,"EC-2-2,EC-3-2,EC-4-2"
W1103,EC-3-2,EC-2-2,3,3,1,0,585.2339681435167,786.20761174317,200.97364359965331,"EC-2-2,EC-4-2,EC-3-2"
W1104,EC-4-2,EC-4-2,1,3,1,1,567.4965449313406,567.4965449313406,0.0,"EC-4-2,EC-4-3,EC-6-3"
W1106,EC-3-2,EC-3-2,1,3,1,1,396.43460978322764,396.43460978322764,0.0,"EC-3-2,EC-4-2,EC-4-3"
W1107,EC-3-2,EC-3-2,1,3,1,1,349.1797930731601,349.1797930731601,0.0,"EC-3-2,EC-2-2,EC-4-2"
W1117,EC-2-2,EC-2-2,1,3,1,1,192.29267199989408,192.29267199989408,0.0,"EC-2-2,EC-3-2,EC-4-2"
W1118,EC-2-2,EC-2-2,1,3,1,1,184.24609324875976,184.24609324875976,0.0,"EC-2-2,EC-4-3,EC-3-2"
W1124,EC-4-3,EC-3-2,2,3,1,0,400.03172896012984,446.11988020759935,46.08815124746951,"EC-3-2,EC-4-3,EC-2-2"
W1129,EC-4-2,EC-4-2,1,3,1,1,318.32507324816106,318.32507324816106,0.0,"EC-4-2,EC-2-2,EC-3-2"
W1135,EC-4-2,EC-2-2,3,3,1,0,559.6631042473064,783.5825383745032,223.91943412719684,"EC-2-2,EC-3-2,EC-4-2"
W1152,EC-5-3,EC-3-2,9,3,0,0,377.3718293299074,531.1796063343637,153.80777700445628,"EC-3-2,EC-2-2,EC-4-2"
W1162,EC-3-2,EC-3-2,1,3,1,1,333.3742672784613,333.3742672784613,0.0,"EC-3-2,EC-2-2,EC-4-2"
W1175,EC-2-2,EC-2-2,1,3,1,1,639.5546630757167,639.5546630757167,0.0,"EC-2-2,EC-3-2,EC-4-2"
W1178,EC-3-2,EC-3-2,1,3,1,1,278.15600309941146,278.15600309941146,0.0,"EC-3-2,EC-4-2,EC-5-3"
W1179,EC-2-2,EC-3-2,2,3,1,0,309.8800660670501,569.4023216679246,259.52225560087453,"EC-3-2,EC-2-2,EC-4-2"
W1191,EC-3-2,EC-3-2,1,3,1,1,345.79499817537,345.79499817537,0.0,"EC-3-2,EC-4-2,EC-2-2"
W1193,EC-4-2,EC-4-2,1,3,1,1,454.80355411280266,454.80355411280266,0.0,"EC-4-2,EC-5-3,EC-6-3"
W1196,EC-3-2,EC-3-2,1,3,1,1,413.9283252990026,413.9283252990026,0.0,"EC-3-2,EC-2-2,EC-4-3"
W1201,EC-2-2,EC-2-2,1,3,1,1,178.8927525001327,178.8927525001327,0.0,"EC-2-2,EC-7-3,EC-5-3"
W1205,EC-2-2,EC-2-2,1,3,1,1,135.38058299991462,135.38058299991462,0.0,"EC-2-2,EC-3-2,EC-4-2"
W1211,EC-3-2,EC-3-2,1,3,1,1,168.2904059998691,168.2904059998691,0.0,"EC-3-2,EC-2-2,EC-4-2"
W1212,EC-2-2,EC-2-2,1,3,1,1,168.07753500074796,168.07753500074796,0.0,"EC-2-2,EC-3-2,EC-4-3"
W1217,EC-4-2,EC-3-2,2,3,1,0,169.08087299634644,581.139345002157,412.0584720058106,"EC-3-2,EC-4-2,EC-4-3"
W1223,EC-4-2,EC-4-2,1,3,1,1,205.3595550019054,205.3595550019054,0.0,"EC-4-2,EC-8-3,EC-7-3"
W1227,EC-4-2,EC-3-2,2,3,1,0,172.7887065003415,189.19335900181977,16.404652501478267,"EC-3-2,EC-4-2,EC-8-3"
W1229,EC-4-2,EC-4-2,1,3,1,1,168.9144029983254,168.9144029983254,0.0,"EC-4-2,EC-3-2,EC-5-3"
W1230,EC-3-2,EC-4-2,2,3,1,0,159.85156799797554,366.6812970004685,206.82972900249294,"EC-4-2,EC-3-2,EC-2-2"
W1231,EC-2-2,EC-2-2,1,3,1,1,176.45129999868914,176.45129999868914,0.0,"EC-2-2,EC-5-3,EC-7-3"
W1232,EC-2-2,EC-2-2,1,3,1,1,139.81235750088672,139.81235750088672,0.0,"EC-2-2,EC-3-2,EC-4-3"
W1242,EC-3-2,EC-3-2,1,3,1,1,242.78976499999771,242.78976499999771,0.0,"EC-3-2,EC-4-2,EC-4-3"
W1262,EC-2-2,EC-2-2,1,3,1,1,180.16877066611414,180.16877066611414,0.0,"EC-2-2,EC-3-2,EC-4-2"
W1264,EC-3-2,EC-3-2,1,3,1,1,151.64791133308123,151.64791133308123,0.0,"EC-3-2,EC-2-2,EC-4-2"
W1265,EC-3-2,EC-3-2,1,3,1,1,188.53885899579836,188.53885899579836,0.0,"EC-3-2,EC-4-2,EC-6-3"
W1269,EC-8-3,EC-2-2,7,3,0,0,318.0936369972187,684.6661263336955,366.5724893364768,"EC-2-2,EC-4-2,EC-3-2"
W1270,EC-5-3,EC-4-2,2,3,1,0,287.6974106666239,287.8682501674727,0.17083950084878552,"EC-4-2,EC-5-3,EC-3-2"
W1271,EC-4-2,EC-3-2,3,3,1,0,238.53079400002267,640.4593161657127,401.9285221656901,"EC-3-2,EC-2-2,EC-4-2"
W1273,EC-3-2,EC-3-2,1,3,1,1,230.36861599818317,230.36861599818317,0.0,"EC-3-2,EC-5-3,EC-6-3"
W1274,EC-2-2,EC-2-2,1,3,1,1,268.79127033422867,268.79127033422867,0.0,"EC-2-2,EC-3-2,EC-4-2"
W1293,EC-4-2,EC-2-2,2,3,1,0,198.2595065019268,216.70118249964312,18.441675997716317,"EC-2-2,EC-4-2,EC-3-2"
W1299,EC-2-2,EC-6-3,3,3,1,0,202.65497599984883,272.7204719967631,70.06549599691425,"EC-6-3,EC-4-2,EC-2-2"
W1300,EC-4-2,EC-4-2,1,3,1,1,259.39322699878176,259.39322699878176,0.0,"EC-4-2,EC-4-3,EC-5-3"
W1303,EC-2-2,EC-2-2,1,3,1,1,220.15666674872136,220.15666674872136,0.0,"EC-2-2,EC-3-2,EC-4-2"
W1308,EC-2-2,EC-2-2,1,3,1,1,209.0181314995334,209.0181314995334,0.0,"EC-2-2,EC-3-2,EC-6-3"
W1317,EC-2-2,EC-3-2,2,3,1,0,258.08904074938255,371.9429228330379,113.85388208365538,"EC-3-2,EC-2-2,EC-4-2"
W1322,EC-2-2,EC-2-2,1,3,1,1,158.1005057009861,158.1005057009861,0.0,"EC-2-2,EC-3-2,EC-4-2"
W1323,EC-4-3,EC-2-2,4,3,0,0,177.29462199822592,251.00825439976688,73.71363240154096,"EC-2-2,EC-3-2,EC-4-2"
W1324,EC-6-3,EC-2-2,4,3,0,0,228.69061493414242,674.0411086490894,445.350493714947,"EC-2-2,EC-3-2,EC-4-2"
W1331,EC-2-2,EC-2-2,1,3,1,1,407.53695946612726,407.53695946612726,0.0,"EC-2-2,EC-8-4,EC-4-2"
W1337,EC-4-2,EC-3-2,2,3,1,0,291.1742858004194,317.78156185055195,26.607276050132555,"EC-3-2,EC-4-2,EC-7-3"
W1346,EC-2-2,EC-3-2,2,3,1,0,313.28407000009975,864.6139454003788,551.3298754002791,"EC-3-2,EC-2-2,EC-4-2"
W1352,EC-8-4,EC-8-4,1,3,1,1,320.03581483756227,320.03581483756227,0.0,"EC-8-4,EC-3-2,EC-2-2"
W1360,EC-5-3,EC-5-3,1,3,1,1,305.2288891594799,305.2288891594799,0.0,"EC-5-3,EC-8-3,EC-2-2"
W1361,EC-2-2,EC-2-2,1,3,1,1,257.6293598994349,257.6293598994349,0.0,"EC-2-2,EC-3-2,EC-6-3"
W1362,EC-4-3,EC-2-2,4,3,0,0,392.3477238349733,554.2038456670373,161.856121832064,"EC-2-2,EC-4-2,EC-3-2"
W1363,EC-3-2,EC-3-2,1,3,1,1,215.31860883199744,215.31860883199744,0.0,"EC-3-2,EC-4-2,EC-2-2"
W1365,EC-2-2,EC-2-2,1,3,1,1,227.07323516798775,227.07323516798775,0.0,"EC-2-2,EC-3-2,EC-4-2"
W1371,EC-7-3,EC-2-2,7,3,0,0,429.2855401718043,571.2545174995588,141.9689773277545,"EC-2-2,EC-3-2,EC-4-2"
W1375,EC-2-2,EC-3-2,3,3,1,0,301.16769516591074,319.71125116676075,18.543556000850003,"EC-3-2,EC-4-2,EC-2-2"
W1378,EC-2-2,EC-2-2,1,3,1,1,365.0344243318765,365.0344243318765,0.0,"EC-2-2,EC-3-2,EC-4-3"
W1386,EC-3-2,EC-2-2,2,3,1,0,383.82201900094515,392.98429642829956,9.162277427354411,"EC-2-2,EC-3-2,EC-4-2"
W1393,EC-2-2,EC-2-2,1,3,1,1,268.74841528589445,268.74841528589445,0.0,"EC-2-2,EC-3-2,EC-4-2"
W1394,EC-3-2,EC-3-2,1,3,1,1,298.0218736419201,298.0218736419201,0.0,"EC-3-2,EC-2-2,EC-5-3"
W1399,EC-4-2,EC-3-2,2,3,1,0,318.85673814161106,1132.9438097163802,814.0870715747692,"EC-3-2,EC-4-2,EC-2-2"
W1400,EC-8-3,EC-7-3,2,3,1,0,497.07826964497923,509.6286976432523,12.550427998273051,"EC-7-3,EC-8-3,EC-4-2"
W1408,EC-3-2,EC-2-2,2,3,1,0,425.77696418872324,807.1234071420251,381.3464429533019,"EC-2-2,EC-3-2,EC-4-2"
W1412,EC-5-3,EC-3-2,7,3,0,0,437.3285308743107,521.2039385005482,83.87540762623757,"EC-3-2,EC-2-2,EC-4-2"
W1413,EC-3-2,EC-2-2,2,3,1,0,298.4424667509984,682.9082180001365,384.46575124913807,"EC-2-2,EC-3-2,EC-4-2"
W1414,EC-4-3,EC-4-3,1,3,1,1,395.2240043262009,395.2240043262009,0.0,"EC-4-3,EC-3-2,EC-4-2"
W1422,EC-3-2,EC-3-2,1,3,1,1,313.783104499862,313.783104499862,0.0,"EC-3-2,EC-2-2,EC-4-2"
W1430,EC-3-2,EC-2-2,2,3,1,0,293.2793548761765,312.76197212520174,19.482617249025225,"EC-2-2,EC-3-2,EC-4-2"
W1438,EC-3-2,EC-2-2,2,3,1,0,436.1105188012061,971.2501699174633,535.1396511162571,"EC-2-2,EC-3-2,EC-4-2"
W1443,EC-4-2,EC-2-2,2,3,1,0,197.12624972256285,577.7856109722911,380.65936124972825,"EC-2-2,EC-4-2,EC-3-2"
W1468,EC-3-2,EC-3-2,1,3,1,1,398.5091528305828,398.5091528305828,0.0,"EC-3-2,EC-4-2,EC-2-2"
W1476,EC-8-3,EC-2-2,5,3,0,0,251.297476398031,495.52087259967266,244.22339620164166,"EC-2-2,EC-3-2,EC-4-2"
W1489,EC-3-2,EC-3-2,1,3,1,1,268.52388549987154,268.52388549987154,0.0,"EC-3-2,EC-4-2,EC-2-2"
W1492,EC-8-3,EC-4-2,3,3,1,0,672.8649234689026,717.3846206011149,44.519697132212286,"EC-4-2,EC-4-3,EC-8-3"
W1498,EC-3-2,EC-2-2,2,3,1,0,386.75191436632304,431.6004633003331,44.84854893401007,"EC-2-2,EC-3-2,EC-4-2"
W1503,EC-5-3,EC-2-2,6,3,0,0,212.7228510016721,541.8923100010034,329.16945899933125,"EC-2-2,EC-3-2,EC-4-3"
W1510,EC-6-3,EC-3-2,5,3,0,0,217.7944109935197,292.41157499745896,74.61716400393925,"EC-3-2,EC-4-2,EC-4-3"
W1513,EC-2-2,EC-2-2,1,3,1,1,179.3570400006956,179.3570400006956,0.0,"EC-2-2,EC-4-2,EC-4-3"
W1534,EC-3-2,EC-3-2,1,3,1,1,162.17742550043113,162.17742550043113,0.0,"EC-3-2,EC-2-2,EC-5-3"
W1537,EC-4-3,EC-4-2,4,3,0,0,239.30748300335836,521.5795399990384,282.27205699568003,"EC-4-2,EC-3-2,EC-2-2"
W1548,EC-3-2,EC-3-2,1,3,1,1,374.16341750167703,374.16341750167703,0.0,"EC-3-2,EC-5-3,EC-7-3"
W1552,EC-2-2,EC-2-2,1,3,1,1,171.62943650009765,171.62943650009765,0.0,"EC-2-2,EC-3-2,EC-4-3"
W1554,EC-3-2,EC-2-2,2,3,1,0,196.85389949745513,682.8538224997374,485.99992300228223,"EC-2-2,EC-3-2,EC-4-2"
W1557,EC-5-3,EC-5-3,1,3,1,1,276.7590034991372,276.7590034991372,0.0,"EC-5-3,EC-8-4,EC-4-3"
W1558,EC-8-3,EC-3-2,2,3,1,0,359.91659100000106,438.41429400117704,78.49770300117598,"EC-3-2,EC-8-3,EC-6-3"
W1560,EC-4-2,EC-3-2,2,3,1,0,234.77121449923288,553.417155499119,318.6459409998861,"EC-3-2,EC-4-2,EC-2-2"
W1563,EC-4-3,EC-2-2,3,3,1,0,283.7226274968998,431.6607635006828,147.93813600378297,"EC-2-2,EC-3-2,EC-4-3"
W1567,EC-2-2,EC-2-2,1,3,1,1,187.9037064986733,187.9037064986733,0.0,"EC-2-2,EC-4-3,EC-8-3"
W1568,EC-4-2,EC-4-2,1,3,1,1,212.089633000384,212.089633000384,0.0,"EC-4-2,EC-3-2,EC-4-3"
W1570,EC-4-3,EC-3-2,5,3,0,0,242.51324033320998,535.9680663332256,293.4548260000156,"EC-3-2,EC-2-2,EC-4-2"
W1578,EC-2-2,EC-2-2,1,3,1,1,266.86334200007883,266.86334200007883,0.0,"EC-2-2,EC-4-2,EC-4-3"
W1579,EC-4-2,EC-2-2,2,3,1,0,247.33284200071165,699.1860000007364,451.85315800002473,"EC-2-2,EC-4-2,EC-3-2"
W1583,EC-2-2,EC-2-2,1,3,1,1,270.474085833636,270.474085833636,0.0,"EC-2-2,EC-4-3,EC-8-4"
W1584,EC-2-2,EC-3-2,2,3,1,0,254.9613276657207,518.1772540008751,263.21592633515445,"EC-3-2,EC-2-2,EC-4-2"
W1587,EC-3-2,EC-3-2,1,3,1,1,252.55398100034654,252.55398100034654,0.0,"EC-3-2,EC-2-2,EC-4-2"
W1588,EC-2-2,EC-2-2,1,3,1,1,227.7349720006896,227.7349720006896,0.0,"EC-2-2,EC-3-2,EC-4-2"
W1601,EC-3-2,EC-3-2,1,3,1,1,239.2720427505992,239.2720427505992,0.0,"EC-3-2,EC-2-2,EC-4-2"
W1602,EC-5-3,EC-3-2,5,3,0,0,295.7996437453403,967.8064192514738,672.0067755061335,"EC-3-2,EC-4-2,EC-2-2"
W1607,EC-4-2,EC-4-2,1,3,1,1,329.3854509996284,329.3854509996284,0.0,"EC-4-2,EC-2-2,EC-3-2"
W1608,EC-5-3,EC-2-2,4,3,0,0,380.64102899761565,589.5445022507602,208.9034732531445,"EC-2-2,EC-4-2,EC-3-2"
W1612,EC-2-2,EC-2-2,1,3,1,1,241.66288933270152,241.66288933270152,0.0,"EC-2-2,EC-3-2,EC-4-2"
W1614,EC-3-2,EC-4-2,2,3,1,0,339.5701510009985,500.7525527496455,161.18240174864695,"EC-4-2,EC-3-2,EC-4-3"
W1615,EC-2-2,EC-3-2,2,3,1,0,288.9254710013347,423.7378147513482,134.8123437500135,"EC-3-2,EC-2-2,EC-4-2"
W1619,EC-2-2,EC-2-2,1,3,1,1,269.8596477503088,269.8596477503088,0.0,"EC-2-2,EC-3-2,EC-4-2"
W1621,EC-6-3,EC-6-3,1,3,1,1,251.88850999802526,251.88850999802526,0.0,"EC-6-3,EC-4-2,EC-7-3"
W1625,EC-2-2,EC-2-2,1,3,1,1,233.012295650542,233.012295650542,0.0,"EC-2-2,EC-3-2,EC-8-4"
W1629,EC-5-3,EC-2-2,7,3,0,0,341.2078515961184,560.9346231316824,219.726771535564,"EC-2-2,EC-4-2,EC-3-2"
W1638,EC-3-2,EC-2-2,2,3,1,0,293.63154509937885,338.701043998708,45.06949889932912,"EC-2-2,EC-3-2,EC-7-3"
W1642,EC-2-2,EC-2-2,1,3,1,1,336.8738962986754,336.8738962986754,0.0,"EC-2-2,EC-4-3,EC-5-3"
W1660,EC-3-2,EC-3-2,1,3,1,1,206.11828641593397,206.11828641593397,0.0,"EC-3-2,EC-2-2,EC-4-2"
W1666,EC-3-2,EC-2-2,2,3,1,0,247.3254536659321,252.28915333324645,4.9636996673143585,"EC-2-2,EC-3-2,EC-4-2"
W1671,EC-2-2,EC-2-2,1,3,1,1,300.20288423311285,300.20288423311285,0.0,"EC-2-2,EC-3-2,EC-4-2"
W1692,EC-3-2,EC-2-2,2,3,1,0,202.97880228502308,1257.1435038572808,1054.1647015722579,"EC-2-2,EC-3-2,EC-4-2"
W1695,EC-3-2,EC-3-2,1,3,1,1,241.2345073553297,241.2345073553297,0.0,"EC-3-2,EC-2-2,EC-4-2"
W1707,EC-2-2,EC-2-2,1,3,1,1,268.15593295253035,268.15593295253035,0.0,"EC-2-2,EC-3-2,EC-4-2"
W1711,EC-3-2,EC-2-2,2,3,1,0,139.95826287737145,522.675223374165,382.7169604967935,"EC-2-2,EC-3-2,EC-4-2"
W1726,EC-3-2,EC-3-2,1,3,1,1,249.25550833480276,249.25550833480276,0.0,"EC-3-2,EC-2-2,EC-4-2"
W1733,EC-4-2,EC-4-2,1,3,1,1,472.3142671687886,472.3142671687886,0.0,"EC-4-2,EC-4-3,EC-5-3"
W1737,EC-3-2,EC-2-2,2,3,1,0,348.3343111280419,655.9024785002521,307.56816737221016,"EC-2-2,EC-3-2,EC-4-2"
W1739,EC-2-2,EC-2-2,1,3,1,1,336.05012887568364,336.05012887568364,0.0,"EC-2-2,EC-3-2,EC-4-2"
W1740,EC-4-2,EC-2-2,3,3,1,0,661.4218276241672,789.8368027508695,128.4149751267023,"EC-2-2,EC-3-2,EC-4-2"
W1741,EC-3-2,EC-3-2,1,3,1,1,452.41131544480595,452.41131544480595,0.0,"EC-3-2,EC-2-2,EC-4-2"
W1742,EC-3-2,EC-3-2,1,3,1,1,570.2871920556795,570.2871920556795,0.0,"EC-3-2,EC-2-2,EC-8-4"
W1745,EC-2-2,EC-4-2,2,3,1,0,699.3968331244989,848.005970778508,148.60913765400903,"EC-4-2,EC-2-2,EC-3-2"
W1746,EC-3-2,EC-3-2,1,3,1,1,519.8071189993748,519.8071189993748,0.0,"EC-3-2,EC-4-2,EC-2-2"
W1747,EC-3-2,EC-2-2,2,3,1,0,216.13184366419267,418.8100998899245,202.67825622573184,"EC-2-2,EC-3-2,EC-4-2"
W1749,EC-3-2,EC-2-2,2,3,1,0,188.3121414451428,556.3779087117634,368.06576726662064,"EC-2-2,EC-3-2,EC-4-2"
W1753,EC-2-2,EC-2-2,1,3,1,1,241.8787833336056,241.8787833336056,0.0,"EC-2-2,EC-3-2,EC-4-2"
W1757,EC-4-2,EC-4-2,1,3,1,1,526.7264835283261,526.7264835283261,0.0,"EC-4-2,EC-7-3,EC-2-2"
W1761,EC-2-2,EC-3-2,2,3,1,0,357.58585788880737,371.7095164979077,14.123658609100346,"EC-3-2,EC-2-2,EC-7-3"
W1763,EC-3-2,EC-3-2,1,3,1,1,324.0192802094974,324.0192802094974,0.0,"EC-3-2,EC-2-2,EC-4-2"
W1764,EC-3-2,EC-3-2,1,3,1,1,302.96853544617386,302.96853544617386,0.0,"EC-3-2,EC-2-2,EC-4-2"
W1771,EC-5-3,EC-2-2,4,3,0,0,367.6916578951932,538.7613855003565,171.06972760516328,"EC-2-2,EC-3-2,EC-4-2"
W1777,EC-4-2,EC-2-2,3,3,1,0,485.9715317008522,1007.8416873006063,521.8701555997541,"EC-2-2,EC-3-2,EC-4-2"
W1781,EC-3-2,EC-3-2,1,3,1,1,432.5424940019502,432.5424940019502,0.0,"EC-3-2,EC-2-2,EC-5-3"
W1789,EC-3-2,EC-3-2,1,3,1,1,314.3995824977537,314.3995824977537,0.0,"EC-3-2,EC-4-2,EC-2-2"
W1794,EC-2-2,EC-2-2,1,3,1,1,567.9019457007144,567.9019457007144,0.0,"EC-2-2,EC-5-3,EC-3-2"
W1799,EC-4-2,EC-4-2,1,3,1,1,580.2055819265433,580.2055819265433,0.0,"EC-4-2,EC-8-3,EC-4-3"
W1801,EC-2-2,EC-2-2,1,3,1,1,196.87942049881713,196.87942049881713,0.0,"EC-2-2,EC-4-2,EC-8-3"
W1802,EC-3-2,EC-3-2,1,3,1,1,187.76011050022134,187.76011050022134,0.0,"EC-3-2,EC-4-2,EC-6-3"
W1805,EC-2-2,EC-2-2,1,3,1,1,185.60017499953574,185.60017499953574,0.0,"EC-2-2,EC-4-2,EC-5-3"
W1814,EC-2-2,EC-3-2,2,3,1,0,173.21705699828271,242.38334550000218,69.16628850171946,"EC-3-2,EC-2-2,EC-4-2"
W1815,EC-2-2,EC-2-2,1,3,1,1,164.00907300021572,164.00907300021572,0.0,"EC-2-2,EC-4-2,EC-3-2"
W1818,EC-3-2,EC-3-2,1,3,1,1,196.88809349918301,196.88809349918301,0.0,"EC-3-2,EC-4-3,EC-5-3"
W1819,EC-2-2,EC-2-2,1,3,1,1,155.87958600099228,155.87958600099228,0.0,"EC-2-2,EC-3-2,EC-8-3"
W1821,EC-7-3,EC-4-3,6,3,0,0,226.40589000184266,776.6422319991763,550.2363419973336,"EC-4-3,EC-3-2,EC-2-2"
W1831,EC-4-2,EC-4-2,1,3,1,1,176.74249349875026,176.74249349875026,0.0,"EC-4-2,EC-3-2,EC-4-3"
W1832,EC-7-3,EC-2-2,6,3,0,0,249.76922149562597,355.16724150079426,105.39802000516829,"EC-2-2,EC-3-2,EC-4-2"
W1840,EC-2-2,EC-2-2,1,3,1,1,246.31756800067706,246.31756800067706,0.0,"EC-2-2,EC-4-3,EC-8-3"
W1841,EC-2-2,EC-2-2,1,3,1,1,204.81958949972068,204.81958949972068,0.0,"EC-2-2,EC-5-3,EC-7-3"
W1843,EC-3-2,EC-2-2,3,3,1,0,181.4081654997608,182.38308049853913,0.9749149987783312,"EC-2-2,EC-4-2,EC-3-2"
W1848,EC-3-2,EC-3-2,1,3,1,1,245.6538429973989,245.6538429973989,0.0,"EC-3-2,EC-2-2,EC-4-2"
W1861,EC-2-2,EC-2-2,1,3,1,1,138.1870876669685,138.1870876669685,0.0,"EC-2-2,EC-3-2,EC-4-3"
W1862,EC-4-2,EC-3-2,2,3,1,0,158.95759633258422,550.8736759978394,391.9160796652552,"EC-3-2,EC-4-2,EC-2-2"
W1869,EC-2-2,EC-2-2,1,3,1,1,182.30863799908548,182.30863799908548,0.0,"EC-2-2,EC-4-2,EC-3-2"
W1877,EC-7-3,EC-2-2,7,3,0,0,443.90034766729514,601.6975336671445,157.79718599984938,"EC-2-2,EC-3-2,EC-4-2"
W1878,EC-3-2,EC-3-2,1,3,1,1,369.5406211669857,369.5406211669857,0.0,"EC-3-2,EC-2-2,EC-5-3"
W1883,EC-4-2,EC-2-2,2,3,1,0,272.91944999948703,650.9887883332037,378.0693383337167,"EC-2-2,EC-4-2,EC-3-2"
W1886,EC-2-2,EC-2-2,1,3,1,1,245.42545433147703,245.42545433147703,0.0,"EC-2-2,EC-4-2,EC-3-2"
W1899,EC-2-2,EC-2-2,1,3,1,1,185.11690924981394,185.11690924981394,0.0,"EC-2-2,EC-3-2,EC-4-2"
W1905,EC-2-2,EC-2-2,1,3,1,1,255.02506175052986,255.02506175052986,0.0,"EC-2-2,EC-5-3,EC-7-3"
W1913,EC-2-2,EC-2-2,1,3,1,1,355.63084475014267,355.63084475014267,0.0,"EC-2-2,EC-3-2,EC-4-3"
W1916,EC-2-2,EC-2-2,1,3,1,1,254.9997622504634,254.9997622504634,0.0,"EC-2-2,EC-3-2,EC-4-2"
W1921,EC-2-2,EC-3-2,2,3,1,0,150.7549666005616,461.74585899807425,310.99089239751265,"EC-3-2,EC-2-2,EC-4-2"
W1922,EC-3-2,EC-2-2,2,3,1,0,161.33059359926847,592.7083094001318,431.37771580086337,"EC-2-2,EC-3-2,EC-4-2"
W1930,EC-4-2,EC-2-2,2,3,1,0,322.21215499926075,520.9576731995184,198.7455182002576,"EC-2-2,EC-4-2,EC-3-2"
W1940,EC-7-3,EC-4-3,2,3,1,0,448.23435279940895,457.72512100193126,9.490768202522304,"EC-4-3,EC-7-3,EC-2-2"
W1942,EC-3-2,EC-2-2,2,3,1,0,328.2527078003113,462.05570809897836,133.80300029866703,"EC-2-2,EC-3-2,EC-4-2"
W1950,EC-3-2,EC-2-2,2,3,1,0,444.34175380010856,840.5540807992111,396.2123269991025,"EC-2-2,EC-3-2,EC-4-2"
W1961,EC-3-2,EC-4-3,2,3,1,0,318.3312924646392,401.0848638299649,82.75357136532568,"EC-4-3,EC-3-2,EC-4-2"
W1964,EC-4-2,EC-3-2,2,3,1,0,291.3835846660125,293.0736355006047,1.6900508345922276,"EC-3-2,EC-4-2,EC-4-3"
W1966,EC-2-2,EC-2-2,1,3,1,1,265.8823845002644,265.8823845002644,0.0,"EC-2-2,EC-3-2,EC-4-2"
W1967,EC-4-2,EC-2-2,3,3,1,0,288.1439721685031,724.3246521670699,436.18067999856675,"EC-2-2,EC-3-2,EC-4-2"
W1968,EC-2-2,EC-2-2,1,3,1,1,252.41681183365472,252.41681183365472,0.0,"EC-2-2,EC-4-2,EC-3-2"
W1992,EC-4-3,EC-2-2,8,3,0,0,342.9829574294802,600.5638117148919,257.5808542854117,"EC-2-2,EC-4-2,EC-3-2"
W1993,EC-4-3,EC-4-2,4,3,0,0,331.3207944273537,697.8612827149067,366.540488287553,"EC-4-2,EC-3-2,EC-2-2"
W2002,EC-2-2,EC-2-2,1,3,1,1,539.3872807137086,539.3872807137086,0.0,"EC-2-2,EC-7-3,EC-3-2"
W2013,EC-4-2,EC-2-2,2,3,1,0,173.46309312540598,221.09068829178113,47.62759516637516,"EC-2-2,EC-4-2,EC-3-2"
W2019,EC-4-3,EC-2-2,4,3,0,0,360.59915150281086,405.14075722458074,44.54160572176988,"EC-2-2,EC-3-2,EC-8-3"
W2025,EC-2-2,EC-2-2,1,3,1,1,279.9544976667979,279.9544976667979,0.0,"EC-2-2,EC-3-2,EC-4-3"
W2026,EC-2-2,EC-2-2,1,3,1,1,255.69909937604507,255.69909937604507,0.0,"EC-2-2,EC-4-2,EC-3-2"
W2030,EC-2-2,EC-2-2,1,3,1,1,312.64007025038154,312.64007025038154,0.0,"EC-2-2,EC-3-2,EC-5-3"
W2031,EC-3-2,EC-2-2,2,3,1,0,503.69223250243067,1091.7534396259612,588.0612071235305,"EC-2-2,EC-3-2,EC-4-2"
W2032,EC-2-2,EC-2-2,1,3,1,1,360.7857832084089,360.7857832084089,0.0,"EC-2-2,EC-3-2,EC-4-2"
W2046,EC-4-3,EC-2-2,7,3,0,0,443.90591422193717,691.635961555423,247.73004733348586,"EC-2-2,EC-3-2,EC-4-2"
W2067,EC-2-2,EC-2-2,1,3,1,1,371.5333348879868,371.5333348879868,0.0,"EC-2-2,EC-4-2,EC-3-2"
W2070,EC-5-3,EC-5-3,1,3,1,1,681.6614196676609,681.6614196676609,0.0,"EC-5-3,EC-3-2,EC-2-2"
W2084,EC-4-2,EC-4-2,1,3,1,1,280.95910929960155,280.95910929960155,0.0,"EC-4-2,EC-2-2,EC-3-2"
W2088,EC-5-3,EC-5-3,1,3,1,1,596.0613620032746,596.0613620032746,0.0,"EC-5-3,EC-4-2,EC-2-2"
W2090,EC-4-3,EC-2-2,4,3,0,0,546.2248908995207,550.61497813352,4.390087233999338,"EC-2-2,EC-3-2,EC-4-2"
W2094,EC-3-2,EC-3-2,1,3,1,1,483.38429890018233,483.38429890018233,0.0,"EC-3-2,EC-4-3,EC-2-2"
W2096,EC-3-2,EC-3-2,1,3,1,1,791.5394552012003,791.5394552012003,0.0,"EC-3-2,EC-4-2,EC-2-2"
W2097,EC-2-2,EC-2-2,1,3,1,1,443.071806950843,443.071806950843,0.0,"EC-2-2,EC-3-2,EC-4-2"
W2098,EC-2-2,EC-2-2,1,3,1,1,408.06360914378143,408.06360914378143,0.0,"EC-2-2,EC-4-2,EC-3-2"
W2112,EC-2-2,EC-3-2,2,3,1,0,196.5363824990618,261.3962235013787,64.8598410023169,"EC-3-2,EC-2-2,EC-4-3"
W2113,EC-2-2,EC-2-2,1,3,1,1,149.89360200024748,149.89360200024748,0.0,"EC-2-2,EC-4-2,EC-4-3"
W2114,EC-2-2,EC-2-2,1,3,1,1,144.56851800059667,144.56851800059667,0.0,"EC-2-2,EC-3-2,EC-4-2"
W2115,EC-4-3,EC-2-2,4,3,0,0,210.92303400291712,507.7412309997271,296.81819699681,"EC-2-2,EC-4-2,EC-3-2"
W2124,EC-4-2,EC-2-2,2,3,1,0,202.17118200162076,546.38651400046,344.21533199883925,"EC-2-2,EC-4-2,EC-3-2"
W2125,EC-3-2,EC-3-2,1,3,1,1,157.6125569999931,157.6125569999931,0.0,"EC-3-2,EC-2-2,EC-4-2"
W2133,EC-2-2,EC-4-2,3,3,1,0,163.73941649999324,197.6044279999769,33.865011499983666,"EC-4-2,EC-3-2,EC-2-2"
W2145,EC-3-2,EC-3-2,1,3,1,1,236.68390850070864,236.68390850070864,0.0,"EC-3-2,EC-5-3,EC-6-3"
W2152,EC-3-2,EC-3-2,1,3,1,1,201.65684300218345,201.65684300218345,0.0,"EC-3-2,EC-2-2,EC-4-2"
W2154,EC-2-2,EC-2-2,1,3,1,1,252.06523350038879,252.06523350038879,0.0,"EC-2-2,EC-4-2,EC-3-2"
W2156,EC-3-2,EC-2-2,2,3,1,0,200.02194299968323,568.3968674993594,368.3749244996761,"EC-2-2,EC-3-2,EC-4-2"
W2164,EC-4-2,EC-3-2,3,3,1,0,175.3288743345062,453.5872379992725,278.2583636647663,"EC-3-2,EC-2-2,EC-4-2"
W2165,EC-5-3,EC-2-2,5,3,0,0,232.19902183276037,814.5510689996627,582.3520471669024,"EC-2-2,EC-4-2,EC-3-2"
W2167,EC-2-2,EC-2-2,1,3,1,1,250.39026049898894,250.39026049898894,0.0,"EC-2-2,EC-3-2,EC-8-4"
W2168,EC-7-3,EC-2-2,2,3,1,0,431.4137506656455,464.0390828346881,32.625332169042565,"EC-2-2,EC-7-3,EC-5-3"
W2175,EC-3-2,EC-3-2,1,3,1,1,421.467170999828,421.467170999828,0.0,"EC-3-2,EC-10-4,EC-2-2"
W2176,EC-2-2,EC-2-2,1,3,1,1,269.76716766618364,269.76716766618364,0.0,"EC-2-2,EC-4-2,EC-5-3"
W2177,EC-2-2,EC-2-2,1,3,1,1,279.104317834405,279.104317834405,0.0,"EC-2-2,EC-4-3,EC-8-3"
W2179,EC-3-2,EC-3-2,1,3,1,1,299.6651683354988,299.6651683354988,0.0,"EC-3-2,EC-4-2,EC-2-2"
W2187,EC-4-2,EC-3-2,3,3,1,0,278.1472019996727,864.0707513335049,585.9235493338322,"EC-3-2,EC-2-2,EC-4-2"
W2191,EC-4-2,EC-2-2,2,3,1,0,179.76664525212982,313.4914185003481,133.7247732482183,"EC-2-2,EC-4-2,EC-3-2"
W2207,EC-2-2,EC-2-2,1,3,1,1,288.6646049173578,288.6646049173578,0.0,"EC-2-2,EC-3-2,EC-4-3"
W2214,EC-3-2,EC-3-2,1,3,1,1,328.08954225242815,328.08954225242815,0.0,"EC-3-2,EC-2-2,EC-4-2"
W2220,EC-3-2,EC-3-2,1,3,1,1,390.0909445017078,390.0909445017078,0.0,"EC-3-2,EC-2-2,EC-8-4"
W2226,EC-2-2,EC-2-2,1,3,1,1,257.8431554994495,257.8431554994495,0.0,"EC-2-2,EC-4-2,EC-3-2"
W2231,EC-2-2,EC-3-2,2,3,1,0,352.8003011500914,630.1556193320721,277.3553181819807,"EC-3-2,EC-2-2,EC-4-3"
W2234,EC-3-2,EC-2-2,2,3,1,0,299.5797827674627,308.4094983018076,8.829715534344928,"EC-2-2,EC-3-2,EC-4-2"
W2235,EC-3-2,EC-3-2,1,3,1,1,409.8502956484026,409.8502956484026,0.0,"EC-3-2,EC-4-3,EC-8-3"
W2237,EC-2-2,EC-2-2,1,3,1,1,287.528525500511,287.528525500511,0.0,"EC-2-2,EC-6-3,EC-8-4"
W2244,EC-2-2,EC-2-2,1,3,1,1,398.0223896006464,398.0223896006464,0.0,"EC-2-2,EC-4-2,EC-5-3"
W2255,EC-3-2,EC-3-2,1,3,1,1,317.49757166790005,317.49757166790005,0.0,"EC-3-2,EC-2-2,EC-5-3"
W2257,EC-5-3,EC-3-2,5,3,0,0,279.17525433561724,605.8113699984157,326.63611566279843,"EC-3-2,EC-4-2,EC-2-2"
W2269,EC-4-2,EC-4-2,1,3,1,1,324.23754383413933,324.23754383413933,0.0,"EC-4-2,EC-2-2,EC-3-2"
W2273,EC-2-2,EC-2-2,1,3,1,1,420.95852866816585,420.95852866816585,0.0,"EC-2-2,EC-4-2,EC-3-2"
W2276,EC-2-2,EC-2-2,1,3,1,1,323.44387016708725,323.44387016708725,0.0,"EC-2-2,EC-3-2,EC-4-2"
W2285,EC-2-2,EC-2-2,1,3,1,1,343.8902492857258,343.8902492857258,0.0,"EC-2-2,EC-3-2,EC-4-2"
W2291,EC-2-2,EC-3-2,2,3,1,0,250.40591683218088,678.5211270483246,428.11521021614374,"EC-3-2,EC-2-2,EC-4-2"
W2292,EC-2-2,EC-2-2,1,3,1,1,771.0599181428149,771.0599181428149,0.0,"EC-2-2,EC-3-2,EC-4-2"
W2298,EC-2-2,EC-2-2,1,3,1,1,372.1195921422285,372.1195921422285,0.0,"EC-2-2,EC-8-3,EC-4-2"
W2304,EC-2-2,EC-2-2,1,3,1,1,348.68580014251296,348.68580014251296,0.0,"EC-2-2,EC-3-2,EC-4-2"
W2308,EC-3-2,EC-3-2,1,3,1,1,455.57783735616147,455.57783735616147,0.0,"EC-3-2,EC-2-2,EC-6-3"
W2316,EC-2-2,EC-2-2,1,3,1,1,410.32833599928153,410.32833599928153,0.0,"EC-2-2,EC-4-2,EC-3-2"
W2317,EC-3-2,EC-3-2,1,3,1,1,205.53846625148253,205.53846625148253,0.0,"EC-3-2,EC-2-2,EC-4-2"
W2324,EC-5-3,EC-4-3,2,3,1,0,400.3937362542729,409.9007663746761,9.507030120403215,"EC-4-3,EC-5-3,EC-2-2"
W2331,EC-4-3,EC-2-2,4,3,0,0,450.04250000147294,965.4219968745565,515.3794968730836,"EC-2-2,EC-3-2,EC-4-2"
W2333,EC-8-3,EC-4-2,8,3,0,0,565.8579041288856,750.7889730017041,184.9310688728185,"EC-4-2,EC-2-2,EC-3-2"
W2343,EC-4-2,EC-4-2,1,3,1,1,625.2716538328968,625.2716538328968,0.0,"EC-4-2,EC-5-3,EC-4-3"
W2359,EC-4-2,EC-4-2,1,3,1,1,441.28526994467796,441.28526994467796,0.0,"EC-4-2,EC-3-2,EC-7-3"
W2367,EC-2-2,EC-2-2,1,3,1,1,445.82698261140445,445.82698261140445,0.0,"EC-2-2,EC-4-3,EC-3-2"
W2371,EC-3-2,EC-2-2,2,3,1,0,402.0036865027578,541.9637566997153,139.96007019695753,"EC-2-2,EC-3-2,EC-4-2"
W2373,EC-3-2,EC-3-2,1,3,1,1,274.8485998983142,274.8485998983142,0.0,"EC-3-2,EC-4-2,EC-7-3"
W2377,EC-4-2,EC-3-2,2,3,1,0,269.193685598475,490.7063945016489,221.51270890317392,"EC-3-2,EC-4-2,EC-2-2"
W2378,EC-3-2,EC-2-2,2,3,1,0,258.7708580990693,662.7997142002187,404.02885610114936,"EC-2-2,EC-3-2,EC-4-2"
W2393,EC-3-2,EC-3-2,1,3,1,1,444.1677170264484,444.1677170264484,0.0,"EC-3-2,EC-4-3,EC-4-2"
W2395,EC-3-2,EC-3-2,1,3,1,1,400.4136543993809,400.4136543993809,0.0,"EC-3-2,EC-4-3,EC-4-2"
W2405,EC-3-2,EC-3-2,1,3,1,1,173.20102199937537,173.20102199937537,0.0,"EC-3-2,EC-4-3,EC-2-2"
W2408,EC-4-2,EC-4-2,1,3,1,1,217.98451500217197,217.98451500217197,0.0,"EC-4-2,EC-2-2,EC-3-2"
W2412,EC-3-2,EC-3-2,1,3,1,1,185.63132700091955,185.63132700091955,0.0,"EC-3-2,EC-4-3,EC-8-3"
W2415,EC-3-2,EC-2-2,2,3,1,0,168.18832199896863,188.4552330002407,20.266911001272064,"EC-2-2,EC-3-2,EC-4-3"
W2418,EC-2-2,EC-2-2,1,3,1,1,192.967846499414,192.967846499414,0.0,"EC-2-2,EC-4-3,EC-6-3"
W2419,EC-2-2,EC-2-2,1,3,1,1,188.0979810007375,188.0979810007375,0.0,"EC-2-2,EC-3-2,EC-4-3"
W2426,EC-2-2,EC-3-2,4,3,0,0,179.41709400065517,251.8542960015111,72.43720200085593,"EC-3-2,EC-4-2,EC-4-3"
W2442,EC-3-2,EC-3-2,1,3,1,1,252.39951449839282,252.39951449839282,0.0,"EC-3-2,EC-4-3,EC-8-4"
W2443,EC-4-3,EC-4-3,1,3,1,1,308.5993349986893,308.5993349986893,0.0,"EC-4-3,EC-8-3,EC-6-3"
W2454,EC-4-2,EC-4-2,1,3,1,1,304.97813500142,304.97813500142,0.0,"EC-4-2,EC-3-2,EC-5-3"
W2459,EC-4-2,EC-3-2,4,3,0,0,286.374944999352,1180.4951459989752,894.1202009996232,"EC-3-2,EC-2-2,EC-6-3"
W2471,EC-3-2,EC-2-2,2,3,1,0,325.35294233290796,328.84487733213064,3.4919349992226785,"EC-2-2,EC-3-2,EC-8-4"
W2473,EC-2-2,EC-2-2,1,3,1,1,305.5918526676275,305.5918526676275,0.0,"EC-2-2,EC-4-2,EC-7-3"
W2474,EC-2-2,EC-2-2,1,3,1,1,252.63457333312545,252.63457333312545,0.0,"EC-2-2,EC-3-2,EC-4-2"
W2476,EC-3-2,EC-2-2,2,3,1,0,361.2512486670312,696.1714516666385,334.92020299960734,"EC-2-2,EC-3-2,EC-4-2"
W2478,EC-3-2,EC-3-2,1,3,1,1,435.3874186667781,435.3874186667781,0.0,"EC-3-2,EC-5-3,EC-6-3"
W2483,EC-4-3,EC-2-2,4,3,0,0,399.77419016698457,863.7463831654107,463.9721929984262,"EC-2-2,EC-4-2,EC-3-2"
W2498,EC-4-3,EC-3-2,5,3,0,0,315.73286899902087,587.9393502495986,272.2064812505778,"EC-3-2,EC-2-2,EC-4-2"
W2502,EC-2-2,EC-2-2,1,3,1,1,291.4684987505325,291.4684987505325,0.0,"EC-2-2,EC-4-2,EC-3-2"
W2504,EC-4-3,EC-4-3,1,3,1,1,400.7672992497646,400.7672992497646,0.0,"EC-4-3,EC-2-2,EC-3-2"
W2506,EC-3-2,EC-3-2,1,3,1,1,345.57716599776234,345.57716599776234,0.0,"EC-3-2,EC-4-2,EC-4-3"
W2524,EC-6-3,EC-3-2,7,3,0,0,470.9562637981435,1082.0492816668168,611.0930178686733,"EC-3-2,EC-2-2,EC-4-2"
W2526,EC-4-2,EC-2-2,2,3,1,0,582.2735573994578,1323.9768684004957,741.703311001038,"EC-2-2,EC-4-2,EC-3-2"
W2529,EC-3-2,EC-3-2,1,3,1,1,327.90101026839693,327.90101026839693,0.0,"EC-3-2,EC-4-2,EC-4-3"
W2530,EC-5-3,EC-3-2,5,3,0,0,353.08427104346265,412.4000892648837,59.31581822142107,"EC-3-2,EC-4-2,EC-2-2"
W2532,EC-4-2,EC-3-2,2,3,1,0,257.5233850024233,439.71835400243435,182.19496900001104,"EC-3-2,EC-4-2,EC-2-2"
W2539,EC-4-2,EC-3-2,3,3,1,0,349.7975375987153,354.9143549966175,5.116817397902196,"EC-3-2,EC-2-2,EC-4-2"
W2543,EC-4-3,EC-4-3,1,3,1,1,536.0966883689496,536.0966883689496,0.0,"EC-4-3,EC-5-3,EC-8-4"
W2547,EC-4-3,EC-4-3,1,3,1,1,614.5585424944632,614.5585424944632,0.0,"EC-4-3,EC-4-2,EC-3-2"
W2556,EC-3-2,EC-3-2,1,3,1,1,397.0854333332075,397.0854333332075,0.0,"EC-3-2,EC-4-2,EC-4-3"
W2565,EC-5-3,EC-3-2,4,3,0,0,476.4029103359159,1014.9822815002759,538.57937116436,"EC-3-2,EC-4-2,EC-2-2"
W2568,EC-8-4,EC-2-2,8,3,0,0,534.4364643387962,940.9891549993669,406.55269066057065,"EC-2-2,EC-3-2,EC-4-2"
W2570,EC-2-2,EC-3-2,2,3,1,0,318.6580160000479,1137.6346456653057,818.9766296652579,"EC-3-2,EC-2-2,EC-4-2"
W2577,EC-4-3,EC-3-2,4,3,0,0,586.9067823383981,636.7349098319816,49.82812749358345,"EC-3-2,EC-2-2,EC-4-2"
W2580,EC-4-2,EC-2-2,3,3,1,0,539.5989120002014,787.7926808330358,248.1937688328344,"EC-2-2,EC-3-2,EC-4-2"
W2588,EC-2-2,EC-3-2,2,3,1,0,236.66205300086014,269.23349185614956,32.571438855289415,"EC-3-2,EC-2-2,EC-4-2"
W2593,EC-3-2,EC-3-2,1,3,1,1,297.1529917157178,297.1529917157178,0.0,"EC-3-2,EC-4-2,EC-2-2"
W2594,EC-3-2,EC-2-2,3,3,1,0,343.84902585666816,832.288144714377,488.4391188577089,"EC-2-2,EC-4-2,EC-3-2"
W2595,EC-5-3,EC-3-2,5,3,0,0,604.6300715709419,842.7840595717757,238.1539880008338,"EC-3-2,EC-4-2,EC-2-2"
W2602,EC-8-3,EC-3-2,2,3,1,0,636.9348847905972,652.063568595189,15.128683804591901,"EC-3-2,EC-8-3,EC-6-3"
W2604,EC-4-2,EC-3-2,2,3,1,0,569.0754616428942,620.4175315697285,51.342069926834256,"EC-3-2,EC-4-2,EC-8-3"
W2619,EC-4-2,EC-3-2,2,3,1,0,270.5750341242492,1114.0548504500202,843.479816325771,"EC-3-2,EC-4-2,EC-2-2"
W2620,EC-2-2,EC-2-2,1,3,1,1,344.39538222579813,344.39538222579813,0.0,"EC-2-2,EC-3-2,EC-7-3"
W2628,EC-2-2,EC-2-2,1,3,1,1,331.2002929993696,331.2002929993696,0.0,"EC-2-2,EC-4-2,EC-4-3"
W2632,EC-4-3,EC-2-2,4,3,0,0,623.3578495244728,653.4417249751073,30.083875450634423,"EC-2-2,EC-4-2,EC-3-2"
W2637,EC-2-2,EC-3-2,3,3,1,0,781.7152795832953,1199.5328563745034,417.817576791208,"EC-3-2,EC-4-2,EC-2-2"
W2645,EC-2-2,EC-3-2,2,3,1,0,577.5488026116466,1128.8881813885482,551.3393787769016,"EC-3-2,EC-2-2,EC-4-2"
W2646,EC-4-3,EC-2-2,4,3,0,0,625.1122344454212,995.6241404443062,370.511905998885,"EC-2-2,EC-3-2,EC-4-2"
W2660,EC-3-2,EC-3-2,1,3,1,1,505.71708505695926,505.71708505695926,0.0,"EC-3-2,EC-4-2,EC-2-2"
W2664,EC-6-3,EC-4-2,8,3,0,0,811.7278303355611,1024.6944889996585,212.9666586640974,"EC-4-2,EC-2-2,EC-3-2"
W2668,EC-4-2,EC-3-2,2,3,1,0,497.2891939993739,552.3705721267856,55.08137812741177,"EC-3-2,EC-4-2,EC-4-3"
W2669,EC-3-2,EC-3-2,1,3,1,1,609.6350463166389,609.6350463166389,0.0,"EC-3-2,EC-4-2,EC-4-3"
W2678,EC-3-2,EC-4-2,2,3,1,0,584.9717633007458,1018.6628736983948,433.691110397649,"EC-4-2,EC-3-2,EC-2-2"
W2679,EC-3-2,EC-3-2,1,3,1,1,676.5538086344046,676.5538086344046,0.0,"EC-3-2,EC-4-2,EC-5-3"
W2682,EC-6-3,EC-3-2,9,3,0,0,458.8956101970325,1124.5575404007468,665.6619302037143,"EC-3-2,EC-4-2,EC-4-3"
W2688,EC-3-2,EC-4-2,2,3,1,0,526.734915101315,575.9377191002386,49.20280399892363,"EC-4-2,EC-3-2,EC-2-2"
W2690,EC-3-2,EC-2-2,2,3,1,0,453.6762367997653,1185.632917900466,731.9566811007007,"EC-2-2,EC-3-2,EC-4-2"
W2701,EC-4-2,EC-3-2,2,3,1,0,236.39407500195375,567.6294120021339,331.23533700018015,"EC-3-2,EC-4-2,EC-2-2"
W2704,EC-3-2,EC-4-2,2,3,1,0,286.15569599969604,630.1339980018383,343.9783020021423,"EC-4-2,EC-3-2,EC-8-3"
W2706,EC-3-2,EC-4-2,3,3,1,0,231.36811350195785,253.66628850042616,22.298174998468312,"EC-4-2,EC-2-2,EC-3-2"
W2707,EC-4-2,EC-4-2,1,3,1,1,220.69586699944924,220.69586699944924,0.0,"EC-4-2,EC-3-2,EC-4-3"
W2710,EC-3-2,EC-3-2,1,3,1,1,212.15672999824164,212.15672999824164,0.0,"EC-3-2,EC-4-2,EC-2-2"
W2719,EC-3-2,EC-4-2,2,3,1,0,206.44928399997298,238.26366900084395,31.81438500087097,"EC-4-2,EC-3-2,EC-4-3"
W2725,EC-2-2,EC-2-2,1,3,1,1,237.21257099941795,237.21257099941795,0.0,"EC-2-2,EC-3-2,EC-4-2"
W2731,EC-2-2,EC-4-2,6,3,0,0,227.74027750051573,254.25480249850807,26.51452499799234,"EC-4-2,EC-3-2,EC-6-3"
W2738,EC-4-2,EC-3-2,3,3,1,0,283.91417600096247,398.3899344998463,114.4757584988838,"EC-3-2,EC-2-2,EC-4-2"
W2739,EC-4-2,EC-4-2,1,3,1,1,286.1862754980393,286.1862754980393,0.0,"EC-4-2,EC-2-2,EC-3-2"
W2744,EC-4-3,EC-2-2,6,3,0,0,407.3808454959362,970.6889594995118,563.3081140035756,"EC-2-2,EC-4-2,EC-3-2"
W2745,EC-2-2,EC-2-2,1,3,1,1,337.8069005002544,337.8069005002544,0.0,"EC-2-2,EC-3-2,EC-4-2"
W2749,EC-5-3,EC-2-2,6,3,0,0,363.9221660005205,1040.7933200003754,676.8711539998549,"EC-2-2,EC-4-2,EC-3-2"
W2753,EC-2-2,EC-2-2,1,3,1,1,396.34066549956515,396.34066549956515,0.0,"EC-2-2,EC-3-2,EC-4-2"
W2759,EC-4-3,EC-3-2,4,3,0,0,365.44227699687326,638.2359064987213,272.79362950184805,"EC-3-2,EC-4-2,EC-2-2"
W2760,EC-2-2,EC-4-2,2,3,1,0,329.73171200046636,330.3151820009589,0.5834700004925253,"EC-4-2,EC-2-2,EC-3-2"
W2767,EC-2-2,EC-2-2,1,3,1,1,314.31237450010485,314.31237450010485,0.0,"EC-2-2,EC-4-3,EC-4-2"
W2777,EC-3-2,EC-2-2,2,3,1,0,395.37673316651,667.727836666624,272.35110350011394,"EC-2-2,EC-3-2,EC-4-2"
W2780,EC-4-2,EC-4-2,1,3,1,1,448.2142789984209,448.2142789984209,0.0,"EC-4-2,EC-7-3,EC-2-2"
W2782,EC-4-2,EC-4-2,1,3,1,1,380.5037299983572,380.5037299983572,0.0,"EC-4-2,EC-2-2,EC-8-3"
W2787,EC-4-2,EC-2-2,2,3,1,0,337.83255816600405,399.1755400004422,61.34298183443815,"EC-2-2,EC-4-2,EC-3-2"
W2812,EC-4-2,EC-4-2,1,3,1,1,434.3199815000389,434.3199815000389,0.0,"EC-4-2,EC-2-2,EC-4-3"
W2826,EC-4-3,EC-4-3,1,3,1,1,923.8758142000734,923.8758142000734,0.0,"EC-4-3,EC-4-2,EC-7-3"
W2847,EC-4-2,EC-4-2,1,3,1,1,500.3577093999411,500.3577093999411,0.0,"EC-4-2,EC-3-2,EC-2-2"
W2848,EC-4-3,EC-4-3,1,3,1,1,769.7444104494025,769.7444104494025,0.0,"EC-4-3,EC-7-3,EC-8-4"
W2852,EC-8-3,EC-4-2,2,3,1,0,595.864560844954,1022.4450990000757,426.58053815512176,"EC-4-2,EC-8-3,EC-4-3"
W2856,EC-7-3,EC-2-2,6,3,0,0,579.1622108390584,1085.3525058330433,506.19029499398493,"EC-2-2,EC-3-2,EC-4-2"
W2862,EC-4-2,EC-2-2,3,3,1,0,337.0829556667256,2025.968620333818,1688.8856646670924,"EC-2-2,EC-3-2,EC-4-2"
W2863,EC-2-2,EC-4-2,2,3,1,0,389.11096599986195,430.17760583476655,41.066639834904606,"EC-4-2,EC-2-2,EC-4-3"
W2864,EC-7-3,EC-4-3,2,3,1,0,635.7721599870274,637.3500436626879,1.5778836756604733,"EC-4-3,EC-7-3,EC-2-2"
W2868,EC-4-2,EC-3-2,3,3,1,0,414.5080816648867,865.244278499328,450.7361968344413,"EC-3-2,EC-2-2,EC-4-2"
W2874,EC-4-2,EC-4-2,1,3,1,1,621.3609283339185,621.3609283339185,0.0,"EC-4-2,EC-5-3,EC-3-2"
W2876,EC-4-2,EC-3-2,3,3,1,0,562.5893835023513,1291.4435904973893,728.854206995038,"EC-3-2,EC-2-2,EC-4-2"
W2882,EC-8-4,EC-3-2,6,3,0,0,740.5959577050194,1058.6388375698202,318.04287986480085,"EC-3-2,EC-2-2,EC-4-2"
W2884,EC-3-2,EC-3-2,1,3,1,1,555.6874498570584,555.6874498570584,0.0,"EC-3-2,EC-4-2,EC-2-2"
W2888,EC-2-2,EC-2-2,1,3,1,1,645.9298824283906,645.9298824283906,0.0,"EC-2-2,EC-4-2,EC-3-2"
W2891,EC-3-2,EC-3-2,1,3,1,1,453.40287540381854,453.40287540381854,0.0,"EC-3-2,EC-4-2,EC-2-2"
W2896,EC-2-2,EC-2-2,1,3,1,1,685.749637214745,685.749637214745,0.0,"EC-2-2,EC-4-2,EC-6-3"
W2898,EC-2-2,EC-2-2,1,3,1,1,495.609617286066,495.609617286066,0.0,"EC-2-2,EC-3-2,EC-4-2"
W2902,EC-4-2,EC-2-2,3,3,1,0,828.6192334986222,2045.1811551702901,1216.561921671668,"EC-2-2,EC-3-2,EC-4-2"
W2910,EC-4-2,EC-4-2,1,3,1,1,713.9905797119874,713.9905797119874,0.0,"EC-4-2,EC-3-2,EC-4-3"
W2917,EC-2-2,EC-2-2,1,3,1,1,591.631277501051,591.631277501051,0.0,"EC-2-2,EC-4-2,EC-3-2"
W2928,EC-2-2,EC-2-2,1,3,1,1,399.4933125000557,399.4933125000557,0.0,"EC-2-2,EC-4-2,EC-3-2"
W2930,EC-4-2,EC-4-2,1,3,1,1,454.55952337601957,454.55952337601957,0.0,"EC-4-2,EC-2-2,EC-3-2"
W2931,EC-2-2,EC-2-2,1,3,1,1,418.6038957084672,418.6038957084672,0.0,"EC-2-2,EC-3-2,EC-4-2"
W2935,EC-3-2,EC-4-2,2,3,1,0,683.5163769997052,756.6604567495006,73.14407974979531,"EC-4-2,EC-3-2,EC-7-3"
W2958,EC-2-2,EC-2-2,1,3,1,1,422.7682741106946,422.7682741106946,0.0,"EC-2-2,EC-4-2,EC-7-3"
W2959,EC-2-2,EC-2-2,1,3,1,1,554.7229437776069,554.7229437776069,0.0,"EC-2-2,EC-4-2,EC-3-2"
W2968,EC-3-2,EC-2-2,3,3,1,0,789.422403720083,1175.3373459998531,385.9149422797701,"EC-2-2,EC-4-2,EC-3-2"
W2969,EC-2-2,EC-2-2,1,3,1,1,715.3710192392715,715.3710192392715,0.0,"EC-2-2,EC-3-2,EC-6-3"
W2987,EC-3-2,EC-4-2,2,3,1,0,587.8954523004203,828.0300651747666,240.13461287434632,"EC-4-2,EC-3-2,EC-2-2"
W2989,EC-2-2,EC-4-2,3,3,1,0,492.91483900019557,616.5741213992078,123.65928239901223,"EC-4-2,EC-3-2,EC-2-2"
W2992,EC-4-2,EC-3-2,2,3,1,0,608.3226003010168,1080.2991790001215,471.9765786991047,"EC-3-2,EC-4-2,EC-2-2"
W2995,EC-2-2,EC-3-2,2,3,1,0,924.3851285998971,1106.0008368996023,181.61570829970515,"EC-3-2,EC-2-2,EC-4-3"
W2997,EC-2-2,EC-4-2,3,3,1,0,685.3175848004108,1300.7408935725446,615.4233087721337,"EC-4-2,EC-3-2,EC-2-2"
W3000,EC-2-2,EC-3-2,2,3,1,0,685.06183189902,866.8468590013617,181.7850271023417,"EC-3-2,EC-2-2,EC-4-2"
